ID	번역
I001	만두\n먹으면 HP가\n조금 회복된다。
I002	회복단\n먹으면 HP가\n회복된다。
I003	극락단\n먹으면 HP가\n완전히 회복된다。
I004	도만두\n먹으면 MP가\n조금 회복된다。
I005	창령초\n쓰면 MP가\n회복된다。
I006	마봉초\n쓰면 MP가\n회복된다。
I007	적색동석 알\n쓰면 방 포인트가\n조금 는다。
I008	적색동석\n쓰면 방 포인트가\n는다。
I009	적색동석 자루\n쓰면 방 포인트가\n는다。
I010	청색동석 알\n쓰면 통로 포인트가\n조금 는다。
I011	청색동석\n쓰면 통로 포인트가\n는다。
I012	청색동석 자루\n쓰면 통로 포인트가\n는다。
I013	용석 알\n쓰면 에너지가\n조금 는다。
I014	용석 결정\n쓰면 에너지가\n는다。
I015	용석덩이\n쓰면 에너지가\n는다。
I016	천마화\n장비하면\n속도가 오른다。
I017	용석상자\n쓰면 에너지가\n는다。
I018	생부채\n노랑 인소의 부채\n방에 에너지를\n준다。
I019	활부채\n노랑 인소의 부채\n방에 에너지를\n준다。
I020	양부채\n노랑 인소의 부채\n방에 에너지를\n준다。
I021	선단 알\n쓰면 선단이 조금 는다
I022	선단 결정\n쓰면 선단이 는다。
I023	선단덩이\n쓰면 선단이 는다。
I024	영부채\n초록 인소의 부채\n방에 선단을 준다。
I025	상부채\n초록 인소의 부채\n방에 선단을 준다。
I026	겁부채\n초록 인소의 부채\n방에 선단을 준다。
I027	옥청금강\n특별한 주법의 갑옷\n장비하면 방어력이\n오른다。
I028	선단상자\n쓰면 선단이 는다。
I029	향 조각\n쓰면 방 내구력이\n조금 회복된다。
I030	양풍향\n쓰면 방 내구력이\n회복된다。
I031	서왕모향\n쓰면 방 내구력이\n완전히 회복된다。
I032	청풍향\n쓰면 부서진 방이\n회복된다。
I033	회복봉구\n회복공이\n봉인된 구슬。
I034	빙뢰호\n빙뢰진이\n봉인된 항아리。
I035	거미산호\n소환진 식거미가\n봉인된 산호。
I036	추칠성봉구\n추칠성이\n봉인된 구슬。
I037	쌍극호\n쌍극폭축진이\n봉인된 항아리。
I038	폭염호\n요격폭염무가\n봉인된 항아리。
I039	멸살산호\n요격멸살선이\n봉인된 산호。
I040	양신해골\n양신호법이\n봉인된 해골。
I041	파진호\n파진포가\n봉인된 항아리。
I042	아귀혼호\n소환진 아귀혼이\n봉인된 항아리。
I043	추기봉구\n요격추기탄이\n봉인된 구슬。
I044	공참봉구\n공참이\n봉인된 구슬。
I045	염룡해골\n용염탄이\n봉인된 해골。
I046	식신호\n나무나무가\n봉인된 항아리。
I047	대회복봉구\n대회복진이\n봉인된 구슬。
I048	양기봉구\n양기포가\n봉인된 구슬。
I049	파참봉구\n파참이\n봉인된 구슬。
I050	천제해골\n천제진 팔극로가\n봉인된 해골。
I051	상청금강\n특별한 주법의 갑옷\n장비하면 방어력이\n오른다。
I052	무천풍수향\n온갖 기가 섞인 향\n방 속성을 무작위로\n바꾼다。
I053	화천풍수향\n화의 기가 깃든 향。\n방 속성을\n화로 바꾼다。
I054	토천풍수향\n토의 기가 깃든 향。\n방 속성을\n토로 바꾼다。
I055	금천풍수향\n금의 기가 깃든 향。\n방 속성을\n금으로 바꾼다。
I056	수천풍수향\n수의 기가 깃든 향。\n방 속성을\n수로 바꾼다。
I057	목천풍수향\n목의 기가 깃든 향。\n방 속성을\n목으로 바꾼다。
I058	인파방위반\n방에 닿은 통로에\n문을 달 수 있다。\n（네 귀퉁이 등 제외）
I059	증각필\n주법이 깃든 붓\n시간을 늘린다。
I060	증각신필\n주법이 깃든 붓\n시간을 늘린다。
I061	재기구슬\n시봉주 조각이\n깃든 구슬\n시간을 되돌린다。
I062	신룡수염\n수수께끼의 아이템。\n쓰면 아이템을\n강화할 수 있다。
I063	니룡수염\n수수께끼의 아이템。\n쓰면 아이템을\n약화할 수 있다。
I064	매혹도만두\n아주 맛있는 도만두\n쓰면 HP와 MP가\n완전히 회복된다。
I065	허공반지\n수수께끼의 아이템。\n모든 선술을 3분의2\nMP로 쓸 수 있다。
I066	린카이눈물\n쓴 뒤 저장하면\n미굴을 하나도 안\n푼 상태가 된다。
I067	활영향\n쓰면 부서진 방이\n회복된다。
I068	에너지 생산력4\n화1 토4 목1\n생산 방 외에서도\n에너지를 생산한다。
I069	선단 생산력4\n화1 금4 목1\n연단 방 외에서도\n선단을 생산한다。
I070	사신뇌명\n금3 수1 목4\n굴삭 능력 LV4를\n더 강화할 수 있다。
I071	폭뢰광 생산\n화1 토1 수1 목2\n공격 방 외에서도\n함정을 생산한다。
I072	태극보궁\n화2 토2 수4 목1\n소환 능력 LV4를\n더 강화할 수 있다。
I073	풍신용존\n화2토2금2수2목2\n모든 방 내구력이\n서서히 회복된다。
I074	용성호로\n토1 금1 수2 목5\n모든 방의 선단\n생산력을 올린다。
I075	옥황보화\n화5 토1 금1 수2\n모든 방의 에너지\n생산력을 올린다。
I076	중공격의 무적 속에\n모든 활로가 있느니\n이것이 동선의 극의。
I077	용혈로에 1이라도\n넣으면 HP・MP가\n회복되느니라。
I078	신을 장비하면\n스매시가 바뀐다\n적의 공격을 피해\n치는 좋은 물건이지
I079	창을 장비하면\n소공격이 바뀐다\n리치가 길어져\n쓰기 쉬워지느니라
I080	두루마리나 검을\n장비하면 대공격이\n바뀐다。장단점을\n잘 가려 쓰거라。
I081	쌍룡열파\n기가 뭉친 도구\n쓰면 방의 풍수량이\n2배가 된다。
I082	나무삽\n장비하면 공격력이\n오른다。
I083	쇠삽\n장비하면 공격력이\n오른다。
I084	선석삽\n장비하면 공격력이\n오른다。
I085	반고굴삭구\n옛 신의 굴삭구。\n장비하면 공격력이\n오른다。
I086	단검\n가볍고 쥐기 쉬운 검\n장비하면 공격력과\n속도가 오른다。
I087	비수\n양날 단검。\n장비하면 공격력과\n속도가 오른다。
I088	옥소태도\n흑요석 단검。\n장비하면 공격력과\n속도가 오른다。
I089	천존호룡도\n전설의 단검。\n장비하면 공격력과\n속도가 오른다。
I090	서양의 단검。\n장비하면 공격력과\n속도가 오른다。
I091	천존봉마추\n주인공 전용 무기。\n속도와 크리티컬\n확률이 오른다。
I092	천존삭암구\n전설의 삭암구。\n장비하면 공격력이\n오른다。
I093	식칼\n평범한 식칼。\n장비하면 공격력과\n속도가 오른다。
I094	철인식칼\n단련된 철인의 식칼\n장비하면 공격력과\n속도가 오른다。
I095	천존봉황우\n성스러운 깃털。\n장비하면 공격력과\n속도가 오른다。
I096	목도\n나무로 된 칼。\n장비하면 공격력이\n오른다。
I097	왜도\n동국에서 온 칼。\n장비하면 공격력이\n오른다。
I098	수라도\n수라 문장의 칼。\n장비하면 공격력이\n오른다。
I099	용아도\n용의 이빨로 만든 검\n장비하면 공격력이\n오른다。
I100	함광\n고대 제왕의 명검。\n장비하면 공격력이\n오른다。
I101	천존성보서\n주인공 전용 무기。\n대부분의 능력치가\n오른다。
I102	절천나찰조\n용・개・범 전용 무기\n크리티컬 확률이\n오른다。
I103	천존옥룡조\n용・개・범 전용 무기\n크리티컬 확률이\n오른다。
I104	천존원소궁\n말 전용 무기。\n크리티컬 확률이\n오른다。
I105	인의\n동국 무사의 명검。\n장비하면 공격력이\n오른다。
I106	서양의 명검。\n장비하면 공격력이\n오른다。
I107	천존파마도\n원령을 베는 영검。\n장비하면 공격력이\n오른다。
I108	나무장\n나무로 된 지팡이。\n장비하면 공격력이\n오른다。
I109	성수장\n성수의 마력이 깃듦\n장비하면 공격력이\n오른다。
I110	청류장\n신선의 영력이 깃듦\n장비하면 공격력이\n오른다。
I111	파천장\n주법으로 만든 지팡이\n장비하면 공격력이\n오른다。
I112	마왕장\n옛 마왕이 깃든 지팡이\n장비하면 공격력이\n오른다。
I113	천존절복장\n엄청난 영력이 깃듦\n장비하면 공격력이\n오른다。
I114	단유성\n주인공 전용 무기。\n속도와 크리티컬\n확률이 오른다。
I115	쌍유성\n주인공 전용 무기。\n속도와 크리티컬\n확률이 오른다。
I116	유성추\n주인공 전용 무기。\n속도와 크리티컬\n확률이 오른다。
I117	황아추\n주인공 전용 무기。\n속도와 크리티컬\n확률이 오른다。
I118	죽창\n대나무 창。\n크리티컬 확률이\n오른다。
I119	철창\n쇠로 만든 창。\n크리티컬 확률이\n오른다。
I120	선석창\n선석으로 만든 창。\n크리티컬 확률이\n오른다。
I121	방천극\n강철 날을 단 창。\n크리티컬 확률이\n오른다。
I122	황왕창\n잘 단련된 명창。\n크리티컬 확률이\n오른다。
I123	천존계신창\n고대 유적의 신창。\n크리티컬 확률이\n오른다。
I124	돌도끼\n돌도끼다。\n소 전용 무기。
I125	쇠도끼\n쇠도끼다。\n소 전용 무기。
I126	선석큰도끼\n선석으로 만든 도끼\n소 전용 무기。
I127	치우도끼\n치우가 만든 도끼。\n소 전용 무기。
I128	호라도끼\n호걸이 쓰던 도끼。\n소 전용 무기。
I129	천존나염부\n산도 부수는 도끼。\n소 전용 무기。
I130	나무독고저\n멧돼지 전용 무기。\n지성과 방 수복\n능력이 오른다。
I131	홍독고저\n멧돼지 전용 무기。\n지성과 방 수복\n능력이 오른다。
I132	금강저\n멧돼지 전용 무기。\n지성과 방 수복\n능력이 오른다。
I133	천존노염저\n멧돼지 전용 무기。\n지성과 방 수복\n능력이 오른다。
I134	여래\n멧돼지 전용 무기。\n지성과 방 수복\n능력이 오른다。
I135	천존명보령\n뱀 전용 무기。\n크리티컬 확률이\n오른다。
I136	타격두루마리\n주인공 전용 무기。\n대부분의 능력치가\n오른다。
I137	신통력두루마리\n주인공 전용 무기。\n대부분의 능력치가\n오른다。
I138	파마두루마리\n주인공 전용 무기。\n대부분의 능력치가\n오른다。
I139	명계조복서\n주인공 전용 무기。\n대부분의 능력치가\n오른다。
I140	범타깃털\n새 전용 무기。\n장비하면 공격력과\n속도가 오른다。
I141	쾌타깃털\n새 전용 무기。\n장비하면 공격력과\n속도가 오른다。
I142	격타깃털\n새 전용 무기。\n장비하면 공격력과\n속도가 오른다。
I143	나무활\n말 전용 무기。\n크리티컬 확률이\n오른다。
I144	연노\n말 전용 무기。\n크리티컬 확률이\n오른다。
I145	황제활\n말 전용 무기。\n크리티컬 확률이\n오른다。
I146	흑궁\n말 전용 무기。\n크리티컬 확률이\n오른다。
I147	석조\n용・개・범 전용 무기\n크리티컬 확률이\n오른다。
I148	철조\n용・개・범 전용 무기\n크리티컬 확률이\n오른다。
I149	맹호뇌명조\n용・개・범 전용 무기\n크리티컬 확률이\n오른다。
I150	호두령\n뱀 전용 무기。\n크리티컬 확률이\n오른다。
I151	유리령\n유리로 된 방울。\n크리티컬 확률이\n오른다。
I152	마노령\n뱀 전용 무기。\n크리티컬 확률이\n오른다。
I153	사신령\n사신의 표식 방울。\n크리티컬 확률이\n오른다。
I154	유성령\n뱀 전용 무기。\n크리티컬 확률이\n오른다。
I155	야차\n용・개・범 전용 무기\n크리티컬 확률이\n오른다。
I156	작은마의\n삼베로 된 옷。\n장비하면 방어력이\n오른다。
I157	작은동선옷\n대지의 기가 깃든 옷\n장비하면 방어력이\n오른다。
I158	작은신선옷\n신선의 기가 깃든 옷\n장비하면 방어력이\n오른다。
I159	나장선의\n특별한 주법의 옷。\n장비하면 방어력이\n오른다。
I160	작은피갑\n장비하면 방어력이\n오른다。
I161	작은철갑\n장비하면 방어력이\n오른다。
I162	작은선석갑\n장비하면 방어력이\n오른다。
I163	빙룡\n특별한 주법의 갑옷\n장비하면 방어력이\n오른다。
I164	마의\n삼베로 된 옷。\n장비하면 방어력이\n오른다。
I165	동선옷\n대지의 기가 깃든 옷\n장비하면 방어력이\n오른다。
I166	신선옷\n신선의 기가 깃든 옷\n장비하면 방어력이\n오른다。
I167	패자옥의\n특별한 주법의 옷。\n장비하면 방어력이\n오른다。
I168	도둑옷\n도적의 전설의 옷。\n장비하면 방어력이\n오른다。
I169	피갑\n장비하면 방어력이\n오른다。
I170	철갑\n장비하면 방어력이\n오른다。
I171	선석갑\n장비하면 방어력이\n오른다。
I172	염룡\n특별한 주법의 갑옷\n장비하면 방어력이\n오른다。
I173	큰마의\n삼베로 된 옷。\n장비하면 방어력이\n오른다。
I174	큰동선옷\n대지의 기가 깃든 옷\n장비하면 방어력이\n오른다。
I175	큰신선옷\n신선의 기가 깃든 옷\n장비하면 방어력이\n오른다。
I176	신장법의\n특별한 주법의 옷。\n장비하면 방어력이\n오른다。
I177	큰피갑\n장비하면 방어력이\n오른다。
I178	큰철갑\n장비하면 방어력이\n오른다。
I179	큰선석갑\n장비하면 방어력이\n오른다。
I180	열룡\n특별한 주법의 갑옷\n장비하면 방어력이\n오른다。
I181	천모자\n장비하면 최대 MP가\n오른다。
I182	소마모자\n마력을 담은 모자。\n장비하면 최대 MP가\n오른다。
I183	봉마모자\n마력을 담은 모자。\n장비하면 최대 MP가\n오른다。
I184	천띠\n장비하면 최대 HP가\n오른다。
I185	예기띠\n예기를 담은 띠。\n장비하면 최대 HP가\n오른다。
I186	신선띠\n신선의 기가 깃든 띠\n장비하면 최대 HP가\n오른다。
I187	신선천의\n특별한 주법의 옷。\n주인공 전용 방어구。
I188	자신동의\n특별한 주법의 옷。\n쥐 전용 방어구。
I189	축신동의\n특별한 주법의 옷。\n소 전용 방어구。
I190	인신동의\n특별한 주법의 옷。\n범 전용 방어구。
I191	묘신동의\n특별한 주법의 옷。\n토끼 전용 방어구。
I192	진신동의\n특별한 주법의 옷。\n용 전용 방어구。
I193	사신동의\n특별한 주법의 옷。\n뱀 전용 방어구。
I194	오신동의\n특별한 주법의 옷。\n말 전용 방어구。
I195	미신동의\n특별한 주법의 옷。\n양 전용 방어구。
I196	신신동의\n특별한 주법의 옷。\n원숭이 전용 방어구。
I197	유신동의\n특별한 주법의 옷。\n새 전용 방어구。
I198	술신동의\n특별한 주법의 옷。\n개 전용 방어구。
I199	해신동의\n특별한 주법의 옷。\n멧돼지 전용 방어구。
I200	가죽패\n장비하면 방어력이\n오른다。
I201	적심패\n충의가 깃든 방패。\n장비하면 방어력이\n오른다。
I202	선석패\n장비하면 방어력이\n오른다。
I203	천구패\n천구 가죽 방패。\n장비하면 방어력이\n오른다。
I204	서양의 성스런 방패\n장비하면 방어력이\n오른다。
I205	비사문천부적\n비사문천의 가호\n쥐・소・멧돼지 전용
I206	지국천부적\n지국천의 가호\n범・토끼・용 전용
I207	증장천부적\n증장천의 가호\n뱀・말・양 전용
I208	광목천부적\n광목천의 가호\n원숭이・새・개 전용
I209	백조성배\n백조를 새긴 성배。\n장비하면\n방 수복 능력이 오름
I210	공작성배\n공작을 새긴 성배。\n장비하면\n방 수복 능력이 오름
I211	봉황성배\n봉황을 새긴 성배。\n장비하면\n방 수복 능력이 오름
I212	경신화\n가볍고 튼튼한 신。\n장비하면\n속도가 오른다。
I213	승황화\n승황의 기가 깃든 신\n장비하면\n속도가 오른다。
I214	위타천화\n위타천의 신력의 신\n장비하면\n속도가 오른다。
I215	섬광염주\n신비한 주법의 염주\n장비하면\n지력이 오른다。
I216	오도염주\n신비한 주법의 염주\n장비하면 지력이\n오른다。
I217	호안석염주\n신비한 주법의 염주\n장비하면 지력이\n오른다。
I218	쥐배낭\n용석을 담는 배낭。\n에너지 운반 능력이\n오른다。
I219	큰쥐배낭\n용석을 담는 배낭。\n에너지 운반 능력이\n오른다。
I220	거서배낭\n용석을 담는 배낭。\n에너지 운반 능력이\n오른다。
I221	서장성부\n신비한 주법의 부적\n에너지 운반 능력이\n오른다。
I222	서왕성부\n신비한 주법의 부적\n에너지 운반 능력이\n오른다。
I223	서신성부\n신비한 주법의 부적\n에너지 운반 능력이\n오른다。
I224	용배낭\n선단을 담는 배낭。\n선단 운반 능력이\n오른다。
I225	신룡배낭\n선단을 담는 배낭。\n선단 운반 능력이\n오른다。
I226	거룡배낭\n선단을 담는 배낭。\n선단 운반 능력이\n오른다。
I227	유룡성부\n신비한 주법의 부적\n선단 운반 능력이\n오른다。
I228	금룡성부\n신비한 주법의 부적\n선단 운반 능력이\n오른다。
I229	옥룡성부\n신비한 주법의 부적\n선단 운반 능력이\n오른다。
I230	범수띠\n주법이 깃든 띠。\n운반・방 수복 능력\n을 못 쓰게 된다。
I231	명수띠\n주법이 깃든 띠。\n운반・방 수복 능력\n이 오른다。
I232	허무반지\n수수께끼의 아이템。\n모든 선술을 3분의1\nMP로 쓸 수 있다。
I233	태청금강\n특별한 주법의 갑옷\n장비하면 방어력이\n오른다。
I234	비전 두루마리\n동선의 비전서다。
I235	현무경\n현무 문장의 거울。
I236	백호경\n백호 문장의 거울。
I237	창룡경\n창룡 문장의 거울。
I238	주작경\n주작 문장의 거울。
I239	팔면경\n옛 선보다。
I240	시봉주\n적을 과거로 날리는\n옛 금주다。
I241	개봉보주\n봉인된 문을\n연다。
I242	신선계 지혜의 씨앗\n말라 버려서\n쓸모가 없다。
I243	천령구\n불길한 것이\n봉인되어 있다。
I244	장기판
I245	용의 알
I246	대성수의 생명\n대성수 생명의 불씨가\n모여 결정이 된 것
I247	편지
I248	요리
I249	요리
I250	냄비
I251	노룡검\n미굴을 모두 푼\n자만이 가질 수\n있는 전설의 검
I252	선단
I253	신선계 지혜의 씨앗\n필요한 에너지가\n조금 모였다。
I254	신선계 지혜의 씨앗\n깃든 것과 바꿔\n작은 소원을 이룬다。
