ID	위치	구분	공유	원문	번역
C06547	SSS5/238:13B	안내:08	2	{05:00}は敗れた{09} \nその後、{05:01}と{05:02}の\n \n行方を知る者は誰もいない　　。	
C06548	SSS5/238:189	대사:FD	1	これは!!	
C06549	SSS5/238:192	대사:FD	1	知恵の種じゃないか!?	
C06550	SSS5/238:1A9	대사:FD	1	とにかく、{05:01}の\n所へ戻ろう。	
C06551	SSS5/239:62	검증필요	1	ゾ\nェブャ	
C06552	SSS5/239:109	글	1	ここってなんだか、不思議な場所ね{09}でも、やっぱり私も上に行きたいなぁ	
C06553	SSS5/239:13A	대사:FD	2	駄目だよ!	
C06554	SSS5/239:14E	글	1	ねえ、上についていってもいい?	
C06555	SSS5/239:165	대사:FD	1	だめだめ!	
C06556	SSS5/239:171	글	1	がうぅぅ{00}	
C06557	SSS5/239:1CD	대사:FD	1	部屋神様が、言ったとおり\nここに龍穴炉があったのか。	
C06558	SSS5/239:220	대사:FD	1	一段落した所で、家に\n戻るとするか!	
C06559	SSS5/239:250	안내:0A	1	今日一日の仕事を終え{0A} \n{05:00}は家路についた。	
C06560	SSS5/239:29D	대사:FE	1	{05:02}がいないわ。	
C06561	SSS5/239:2A9	대사:FE	1	どうしよう、何処にいったの\nかしら　　	
C06562	SSS5/239:2C4	대사:FD	1	なんか、悩んでたみたい\nだからなぁ。{00}	
C06563	SSS5/239:34A	글	1	龍穴炉に人れる\n街に出かける\n何もしない	
C06564	SSS5/239:370	글	1	大地の加護\n街に出かける\n何もしない	
C06565	SSS5/239:455	대사:FD	1	街に行くよ!	
C06566	SSS5/239:468	대사:FD	1	カオスシードを取り戻す!	
C06567	SSS5/239:482	대사:FE	1	街に行くのね。	
C06568	SSS5/239:613	글	1	何もしない\n{05:02}の食事	
C06569	SSS5/239:6D2	안내:08	1	  陽気を振り込んだ後に\n \nもういちど、Cボタンを押すと\n \n龍に食事をあげる事ができます。	
C06570	SSS5/239:75B	대사:FD	1	そういえば、しばらく食事して\nなかったな!	
C06571	SSS5/239:7C4	대사:14	1	食事の時間ね。	
C06572	SSS5/239:81D	대사:FE	1	今日もごきげんね。	
C06573	SSS5/239:833	대사:FE	1	食事の時間よ♡	
C06574	SSS5/239:84A	대사:FE	1	{05:02}、調子が悪そうね。	
C06575	SSS5/239:862	대사:FE	1	{05:02}、つかれてる\nみたいね?	
C06576	SSS5/239:87A	대사:FE	1	ごきげんななめね。	
C06577	SSS5/239:88F	대사:FE	1	きちんと、食べてないのかしら　　	
C06578	SSS5/239:8AE	대사:FE	1	{05:02}、すごく怒ってるみたい　　	
C06579	SSS5/239:8EE	대사:FC	1	ハウハウ!	
C06580	SSS5/239:8F7	대사:FE	1	もしかして　　カオスシードが\n食べたいの?	
C06581	SSS5/239:91C	대사:FE	1	そうみたい　　どうする?	
C06582	SSS5/239:932	글	1	食べさせようか{08}だめだよ!	
C06583	SSS5/239:945	대사:FD	1	そんなに食べたいなら{0A}食べさせてみるか?	
C06584	SSS5/239:963	대사:FD	1	だめだよ!	
C06585	SSS5/239:975	대사:FD	1	ほら、エネルギーと仙丹どっちを\n食べたいんだ?	
C06586	SSS5/239:9B3	대사:FD	1	おいおいどうした?	
C06587	SSS5/239:9C0	대사:FE	1	おなか滅ったの?	
C06588	SSS5/239:9D6	대사:FD	1	あっ!カオスシード食べちゃった　　	
C06589	SSS5/239:A02	대사:FE	1	もう　　なんて事するの!	
C06590	SSS5/239:A51	대사:FE	1	よかったね。	
C06591	SSS5/239:AA9	대사:FD	6	さて、どっちをあげようかな?	
C06592	SSS5/239:AC7	대사:FE	3	仙丹が、欲しいのね。	
C06593	SSS5/239:ADC	글	3	仙丹\nエネルギー	
C06594	SSS5/239:AEB	대사:FD	6	エネルギーを、どの位食べさせようかな?	
C06595	SSS5/239:B15	글	2	300食べさせる\n400食べさせる\n500食べさせる\nあげない	
C06596	SSS5/239:B3C	대사:FD	6	仙丹を、どの位食べさせようかな?	
C06597	SSS5/239:B5C	글	2	40食べさせる\n50食べさせる\n60食べさせる\nあげない	
C06598	SSS5/239:C61	글	2	200食べさせる\n300食べさせる\n400食べさせる\nあげない	
C06599	SSS5/239:CA8	글	2	30食べさせる\n40食べさせる\n50食べさせる\nあげない	
C06600	SSS5/239:DAD	글	2	100食べさせる\n200食べさせる\n300食べさせる\nあげない	
C06601	SSS5/239:DF4	글	2	20食べさせる\n30食べさせる\n40食べさせる\nあげない	
C06602	SSS5/239:F38	대사:FC	2	ぐがが!!	
C06603	SSS5/239:F41	대사:FD	2	やべ、足りなかった!	
C06604	SSS5/239:FC1	대사:FE	3	エネルギーが、欲しいのね。	
C06605	SSS5/239:FD7	글	3	エネルギー\n仙丹	
C06606	SSS5/242:33	안내:0C	1	今から数ヶ月前のとある山中	
C06607	SSS5/250:53	글	1	NEXT\n1ヒロイン石になる\n2主人公ぼーぜんとする{05:00}\n3龍A逃げる人々現れる龍	
C06608	SSS5/250:93	글	1	NEXT\n4龍穴炉に戻り振り込む\n5龍人々が倒れているバザー\n6大地A	
C06609	SSS5/250:D0	글	1	NEXT\n7大地B\n8ヒロイン酒場にいる玲蘭に話し掛ける\n9龍B追われる龍	
C06610	SSS5/250:10D	글	1	NEXT\n10龍閉じこもる龍\n11ヒロイン家の前で倒れる\n12龍C例の通路を歩く龍	
C06611	SSS5/250:14F	글	1	NEXT\n13一人家に人っていく主人公\n14よるになる　　\n通し	
C06612	SSS5/251:A4	글	1	NEXT\n1戻って来て部屋で料理を作っているヒロイン\n2蒼幻そのまま\n3雷漢天転戻ってくる。	
C06613	SSS5/251:ED	글	1	NEXT\n4明紅とレイランそのまま\n5異次元の街\n6仏像の老師振り向く	
C06614	SSS5/251:129	글	1	NEXT\n7夕日をバックから戻る主人公\n8がけから見下ろす捜神\n9戻る主人公	
C06615	SSS5/251:16B	글	1	NEXT\n10黒画面\n11家の中から出てくるヒロイン\n12大聖樹の前	
C06616	SSS5/352:3E	대사:FD	1	ここの土地は、倉庫部屋が\n作れないんだったな。	
C06617	SSS5/352:76	대사:FD	1	まあ、それ以外には\n大きな問題は無しと　　	
C06618	SSS5/352:97	대사:FD	1	さて、今日の修行の始まりだ!	
C06619	SSS5/352:BD	안내:0C	1	破壊された仙窟を、全て修理するまで\n \n 仙窟から離れる事は、出来ません。	
C06620	SSS5/352:101	안내:0E	1	仙窟の修理が、全て終わりました。	
C06621	SSS5/353:2B	대사:1F	1	さぁ、出来たわ!	
C06622	SSS5/353:90	대사:1F	1	{05:02}の分も、もちろん\nあるわよ。	
C06623	SSS5/353:A5	대사:1E	1	がぅ	
C06624	SSS5/353:AE	대사:1F	1	ちゃんとさましておいたから\n大丈夫だと思うけど　　。	
C06625	SSS5/353:D5	대사:1F	1	それじゃ、食べましょう{09}いただきまーす!	
C06626	SSS5/353:100	대사:1F	1	食べないの?	
C06627	SSS5/353:118	대사:1F	1	やっぱり人間の料理じゃ\nだめなのかなぁ　　。	
C06628	SSS5/353:145	대사:1F	2	ごめんね。	
C06629	SSS5/353:151	대사:1F	1	明日、街に行って本を調べてみるわ{09}それに、材料も買ってくるからね。	
C06630	SSS5/353:18A	대사:1F	1	今日はがまんしてね。	
C06631	SSS5/353:1AC	안내:0C	1	翌日、{05:01}は街へと出かけた。	
C06632	SSS5/353:1F9	대사:1F	1	これも、食べないの?	
C06633	SSS5/353:208	대사:1E	2	がぅぅ　　。	
C06634	SSS5/353:214	대사:1F	1	とり肉もブタ肉も野菜もダメか　　{09}一体、何を食べるんだろう。	
C06635	SSS5/353:242	대사:1E	1	がぅぅぅぅ　　。	
C06636	SSS5/353:25D	대사:1F	1	このまま、何も食べなかったら\nあなた、死んじゃうわよ。	
C06637	SSS5/353:27F	대사:1E	1	がぅ。	
C06638	SSS5/353:286	대사:1F	1	　　ごめんなさい{09}私には、どうする事も出来ないわ{09}龍に詳しい知り合いも――	
C06639	SSS5/353:2B9	대사:1E	1	がぅ?	
C06640	SSS5/353:2C3	대사:1F	1	もしかして、洞仙って人なら\nなにか知ってるかも　　。	
C06641	SSS5/353:2EA	대사:1F	1	でも、洞仙って悪い人だって\n街のみんな言ってたわ　　。	
C06642	SSS5/353:314	대사:1E	1	がう、がう!!!	
C06643	SSS5/353:320	대사:1F	1	えっ? どうしたの{0A}恐い声、出して?	
C06644	SSS5/353:339	대사:1E	1	がぅぅぅぅぅ!!!	
C06645	SSS5/353:346	대사:1F	1	どうしたのよ{09}そんな、声だしたって、あなたが\n何もしない事くらい私は――	
C06646	SSS5/353:37E	대사:1F	1	そうよね! 龍だって、普通の人なら\n恐がるわ。でも、あなたはちがった。	
C06647	SSS5/353:3AA	대사:1F	1	自分で、確かめもしないで{0A}悪い人だと決めつけるのは\nまちがいよね。	
C06648	SSS5/353:3D5	대사:1E	1	がぅ、がぅ。	
C06649	SSS5/353:3DF	대사:1F	1	明日、洞仙さんに会いに\n行ってみましょう。	
C06650	SSS5/353:417	안내:0A	1	そして、次の日。	
C06651	SSS5/354:2C	안내:01	1	その　　りゅ　　育て　　\nな　　らない　。	
C06652	SSS5/354:55	대사:FC	1	ね、ねぇ!{08}今の声、聞こえた!?	
C06653	SSS5/354:6F	대사:FD	1	あ、ああ{09}空耳じゃなさそうだな。	
C06654	SSS5/354:85	대사:FC	1	なんて言ってたかしら?	
C06655	SSS5/354:95	대사:FD	1	ほとんど聞き取れなかった\nからなぁ　　。	
C06656	SSS5/354:B1	대사:FC	1	気味が悪いわ　　。	
C06657	SSS5/354:101	대사:FC	1	ど、どうしたの?	
C06658	SSS5/354:11F	영문	2	{05:02}!	
C06659	SSS5/354:12E	대사:FD	1	　　だめだ{09}死んでる。	
C06660	SSS5/354:14F	대사:FD	1	エサが足りなかったか{0A}与え方がまずかったのか　　{09}どっちにせよ、それが原因だ。	
C06661	SSS5/354:184	대사:FC	1	そんな　　。{05:02}!	
C06662	SSS5/354:193	대사:FD	1	すまない　　。	
C06663	SSS5/354:1B6	안내:07	1	{05:02}は死んでしまった{09} \nその後、{05:01}は{05:00}の\n \n元をさり、行方を知る者は誰もいない。	
C06664	SSS5/355:4C	대사:00	2	　　気味が悪い場所ね。	
C06665	SSS5/355:62	대사:FD	1	とにかく先に行ってみよう。	
C06666	SSS5/355:AA7	대사:FD	1	行くよ!	
C06667	SSS5/356:AB	대사:FD	1	賞金稼ぎだな!	
C06668	SSS5/356:BB	대사:05	1	問答無用、かかれ!	
C06669	SSS5/356:FD	대사:FD	1	まだ残ってるな!	
C06670	SSS5/356:11C	대사:FD	1	出てこい!	
C06671	SSS5/356:134	대사:14	1	来ちゃった♡	
C06672	SSS5/356:143	영문	4	{05:01}?	
C06673	SSS5/356:156	대사:FD	1	驚いた!どうやってここまで\n来たんだ!?	
C06674	SSS5/356:19D	대사:14	1	へへ飛天石で来たの。	
C06675	SSS5/356:1DD	대사:14	1	{05:02}元気になったのね!	
C06676	SSS5/356:249	대사:FD	1	来ちゃ危ないって言ったのに　　	
C06677	SSS5/356:26A	대사:14	1	だって、心配だったし	
C06678	SSS5/356:2A0	대사:14	1	どうしてもいっしょに\nいたいの。	
C06679	SSS5/356:2B7	대사:FD	1	そんな事言わないで、家に帰ろう。	
C06680	SSS5/356:2FC	대사:14	1	じゃあここで待ってる!!	
C06681	SSS5/356:30D	대사:14	1	上よりは安全そうだし{0A}何かあってもすぐ来れるでしょ?	
C06682	SSS5/356:33E	대사:14	1	それにここは、なんだか\n安全って感じがするの。	
C06683	SSS5/356:35E	대사:FD	1	大地の陽気の流れが分かるのかな?	
C06684	SSS5/356:395	대사:FD	1	もし誰かが、人って来ても隠れて\nじっとしてるんだよ。	
C06685	SSS5/356:3E6	대사:14	1	なんだか、大地があったかく\nなってきたわね。	
C06686	SSS5/356:402	대사:FD	1	わかる?	
C06687	SSS5/356:41C	대사:14	1	なんとなくね。	
C06688	SSS5/356:432	대사:FD	1	もしかしたら、{05:01}\n仙術の才能あるかもね。	
C06689	SSS5/356:455	대사:14	2	ホント♡	
C06690	SSS5/356:45E	대사:14	1	だったら、私も{05:00}の\nお手伝いするわよ。	
C06691	SSS5/356:47C	대사:FD	1	き、急には覚えられないよ。	
C06692	SSS5/356:495	대사:14	1	難しいのね。	
C06693	SSS5/356:4A0	대사:FD	1	じゃあ、また後でね。	
C06694	SSS5/356:4D9	대사:14	1	回復の仙術だけでも、使える様に\nならないかしら?	
C06695	SSS5/356:4FE	대사:FD	1	基本的なやつならちょっと修行すれば\n使えると思うけど・・	
C06696	SSS5/356:527	대사:14	1	じゃあ教えてよぉ	
C06697	SSS5/356:537	대사:FD	1	教えると、絶対仙窟について\n来るでしょ?	
C06698	SSS5/356:55B	대사:14	1	手伝いたいから教えて\n欲しいんだもん。	
C06699	SSS5/356:576	대사:FD	1	それじゃあ、だめだよ。	
C06700	SSS5/356:58F	대사:14	1	いいもん、一人で覚えるから。	
C06701	SSS5/356:614	대사:1B	1	キィキィ	
C06702	SSS5/356:62F	대사:FD	1	てめーら{03:03}覚悟しやがれ!	
C06703	SSS5/356:694	대사:FD	3	大丈夫?	
C06704	SSS5/356:6B5	대사:FD	1	しゃべらないで、とにかく\n地上に戻ろう。	
C06705	SSS5/356:7A2	대사:FD	1	龍脈の陽気が逆流してる\nのか　　	
C06706	SSS5/356:7C2	대사:FD	1	大きな力を感じる　　	
C06707	SSS5/356:7DE	대사:FD	1	なんだこいつら!	
C06708	SSS5/356:810	대사:FD	1	こりゃ、どっかで邪精が\n巣を食ってるな。	
C06709	SSS5/356:841	대사:FD	4	どうした?	
C06710	SSS5/356:84F	대사:FD	1	向こうから、おかしな\n気配がする。	
C06711	SSS5/356:86E	대사:FD	1	階段部屋の方か、行ってみよう!	
C06712	SSS5/356:88A	대사:FD	1	さては、もう一つ階段部屋が\nあるのか!	
C06713	SSS5/356:8AD	대사:FD	1	エネルギーが人らない?	
C06714	SSS5/356:8BD	대사:FD	1	龍脈の流れが、妨害され\nてるのか?	
C06715	SSS5/356:8DE	대사:FD	2	また、こいつらか!	
C06716	SSS5/356:904	대사:FD	1	こいつらの発生する元をつぶさないと\n駄目みたいだな!	
C06717	SSS5/356:940	대사:FD	1	さっきの階段部屋の奥が\n怪しいのか!	
C06718	SSS5/356:95F	대사:FD	1	とりあえず、部屋を掘ってみて\n階段部屋を探すか。	
C06719	SSS5/356:9CC	대사:00	1	もう元気になったのよ。	
C06720	SSS5/356:9DD	대사:FD	1	こんな所に来て危ないよ。	
C06721	SSS5/356:9F0	대사:00	1	ねえ、{05:00}約束覚えてる?	
C06722	SSS5/356:A0C	대사:FD	1	約束って、お願いがどうとかって\n事だっけ　　	
C06723	SSS5/356:A2F	대사:FD	1	まさか仙術教えてとか　　	
C06724	SSS5/356:A44	대사:FD	1	それとも、怪我させた事を怨んで\n無茶なお願いとか　　	
C06725	SSS5/356:A6B	대사:FD	1	覚えていても、ロクな事\n無さそうだな　　	
C06726	SSS5/356:A88	대사:FD	1	なんて答えよ?	
C06727	SSS5/356:A9A	글	1	もちろん覚えてるよ{08}や、約束って、なんだっけ?	
C06728	SSS5/356:ABF	대사:FD	1	や、約束って、なんだっけ?	
C06729	SSS5/356:AEB	대사:00	1	む、とぼける気ね!	
C06730	SSS5/356:B0E	대사:00	1	{05:00}、約束した\nじゃない　　	
C06731	SSS5/356:B27	대사:FD	1	そ、そうだっけ?	
C06732	SSS5/356:B33	대사:00	1	私を看病してくれた時にまくら元で{0A}どんな願い事でも大丈夫だって。	
C06733	SSS5/356:B64	대사:00	1	言ったのに　　	
C06734	SSS5/356:B79	대사:FD	1	まずいな、どうしよう。	
C06735	SSS5/356:B8E	글	1	思い出したと言う\nとぼける	
C06736	SSS5/356:BA9	대사:FD	1	そういえば、思い出したよ。	
C06737	SSS5/356:BC9	대사:00	1	もう、いい加滅ね。	
C06738	SSS5/356:BD8	대사:FD	1	で、なんだい?	
C06739	SSS5/356:C14	대사:FD	4	なんだい?	
C06740	SSS5/356:C25	대사:00	1	思い出した?	
C06741	SSS5/356:C34	대사:FD	1	お願いって、元気になった時って\n約束じゃなかったっけ?	
C06742	SSS5/356:C62	대사:00	1	しっかり、覚えてるぅ!	
C06743	SSS5/356:C75	대사:FD	1	しまった!	
C06744	SSS5/356:CC9	대사:FD	1	もちろん覚えてるよ!	
C06745	SSS5/356:CDE	대사:00	1	私、あなたのお手伝いしたいの♡	
C06746	SSS5/356:CFB	대사:FD	1	ええ!?	
C06747	SSS5/356:D03	대사:FD	1	俺の{03:01}　{03:01}　{03:01}駄目だよ!	
C06748	SSS5/356:D1E	대사:FD	1	危ないし、この前みたいなことに\nまたなるかも知れないんだよ。	
C06749	SSS5/356:D46	대사:00	1	元気になったら、どんな事でも\nきいてくれるって	
C06750	SSS5/356:D64	대사:00	1	約束したよ。	
C06751	SSS5/356:D89	대사:00	1	わたしあなたと一緒にいたい!	
C06752	SSS5/356:DC6	대사:FD	1	じゃあ、基本的な仙術を\n教えてあげるよ。	
C06753	SSS5/356:DE7	대사:00	1	ホント!	
C06754	SSS5/356:E13	안내:08	1	こうして{05:00}と{05:01}は\n \n    一緒に仙窟を\n \n  作る事になりました。	
C06755	SSS5/356:E68	대사:FD	1	基本的な事は、大体これで終わりだよ。	
C06756	SSS5/356:E85	대사:FE	1	これで、足をひっぱらずに\nすみそうね。	
C06757	SSS5/356:EA2	대사:FD	1	とにかく、{05:01}に怪我させ\nないように、気をつけなきゃ!	
C06758	SSS5/356:ED0	대사:FE	1	よーし、{05:02}も一緒に\nがんばりましょ!	
C06759	SSS5/356:EF8	대사:FD	1	じゃあ、出発だ!	
C06760	SSS5/356:F22	대사:FD	1	だいぶエネルギーが、集まってきたね。	
C06761	SSS5/356:F39	대사:FE	6	そうね。	
C06762	SSS5/356:F41	대사:FD	1	一段落したから家に戻ろうか?	
C06763	SSS5/356:F59	검증필요	2	（ゼジ（ジゼぼ{08}{00}	
C06764	SSS5/356:F65	대사:FE	1	そうしましょう♡	
C06765	SSS5/356:F7E	대사:FD	2	よーし!	
C06766	SSS5/356:1015	안내:08	2	今日一日の仕事を終え{0A} \n{05:00}と{05:01}{0A} \n{05:02}は家路についた。	
C06767	SSS5/356:1239	대사:FE	3	なに!?	
C06768	SSS5/356:1241	대사:FD	1	扉が、開いた。	
C06769	SSS5/356:1254	대사:FC	1	ガウゥゥ	
C06770	SSS5/356:125F	대사:FE	1	こんな処に扉があったんだ　　	
C06771	SSS5/356:127F	대사:FD	1	まるで、龍穴炉のエネルギーに\n反応しているみたいだ。	
C06772	SSS5/356:12A9	대사:FE	1	どうするの?	
C06773	SSS5/356:12D3	대사:FC	1	ギャブルルル	
C06774	SSS5/356:12EA	대사:FD	1	{05:02}の様子、最近なんだか\n変な気がする　　	
C06775	SSS5/356:130B	대사:FD	1	蒼幻の言っていた事ほど、おおげさじゃ\nないにしても　　なんか心配だな。	
C06776	SSS5/356:133A	대사:FD	1	{05:01}は、どう思って\nいるんだろう?	
C06777	SSS5/356:135F	대사:FE	1	どうしたの心配ごと?	
C06778	SSS5/356:136F	대사:FC	1	ギュルルゥ	
C06779	SSS5/356:1384	대사:FD	1	少し気になる事があるんだ　　	
C06780	SSS5/356:13AF	대사:FE	1	あの蒼幻って子の言葉?	
C06781	SSS5/356:13C3	대사:FD	1	カオスシードの事なんだ　　	
C06782	SSS5/356:13DC	대사:FE	1	調べ物とか?	
C06783	SSS5/356:13E8	대사:FD	1	う、うん	
C06784	SSS5/356:13F7	대사:FE	1	分からない事は、図書館で\n調べるのが一番よ。	
C06785	SSS5/356:1419	대사:FD	1	図書館?	
C06786	SSS5/356:1424	대사:FE	1	{05:02}の食べ物事も\n図書館で調べたのよ。	
C06787	SSS5/356:1449	대사:FE	1	全然役に立たなかったけどね。	
C06788	SSS5/356:1469	대사:FD	1	へーっ、図書館か	
C06789	SSS5/356:1478	대사:FE	1	洞天の街にあるのよ?	
C06790	SSS5/356:1490	대사:FD	1	街か、じゃあ二人で行ってみない?	
C06791	SSS5/356:14B4	대사:FC	2	グルルゥ	
C06792	SSS5/356:14C8	대사:FE	1	{05:02}も行きたいって!	
C06793	SSS5/356:14DE	대사:FD	1	駄目だよ、こんな大きくなった\n{05:02}を連れて行ったら\n大騒ぎになるよ!	
C06794	SSS5/356:1512	대사:FE	1	そうねえ♡	
C06795	SSS5/356:1523	대사:FE	1	じゃあお留守番していて。	
C06796	SSS5/356:153D	대사:FC	1	ググググ	
C06797	SSS5/356:1545	대사:FE	1	じゃあ行きましょ!	
C06798	SSS5/357:49	안내:08	1	{05:01}の怪我は{0A} \n幸い重くはなかった。	
C06799	SSS5/357:64	안내:08	1	しかし、大事をとって家で\n \n 休ませる事となった。	
C06800	SSS5/357:CC	대사:09	1	ずっと、そこに?	
C06801	SSS5/357:D8	대사:0A	8	ぎゃうぎゃう!	
C06802	SSS5/357:E5	대사:09	1	{05:02}にも、心配かけ\nちゃったかしら?	
C06803	SSS5/357:10C	대사:FD	1	回復の仙術も万能って{0A}ワケじゃないからさ。	
C06804	SSS5/357:12B	대사:FD	1	しばらく寝てないと、良く\nならないよ。	
C06805	SSS5/357:146	대사:09	1	うん、わかった。	
C06806	SSS5/357:155	대사:FD	1	早く元気にならないとね。	
C06807	SSS5/357:174	대사:FD	1	うん、なに?	
C06808	SSS5/357:182	대사:09	1	仙窟は、大丈夫?	
C06809	SSS5/357:1A4	대사:FD	1	確かに　　{05:01}も\n気になるけど、仙窟も　　	
C06810	SSS5/357:1CA	대사:FD	2	どうしよう　　	
C06811	SSS5/357:1DB	글	1	{05:01}と一緒にいる{09}気になるので仙窟に戻る。	
C06812	SSS5/357:210	대사:FD	1	{05:01}の怪我は、俺の\n修行不足のせいだ　　	
C06813	SSS5/357:231	대사:FD	1	でも、仙窟にも行かなきゃ\n大地は蘇らない。	
C06814	SSS5/357:270	대사:09	1	やっぱり、仙窟の事が\n気になるのね?	
C06815	SSS5/357:298	대사:FD	1	いや、今日は{05:01}を\n一日看病しよう。	
C06816	SSS5/357:2B4	대사:FD	1	それが、俺に出来る唯一の\n罪滅ぼしだよな。	
C06817	SSS5/357:2E5	대사:FD	1	一日ぐらい修行さぼったって\n大丈夫だろ。	
C06818	SSS5/357:304	대사:FD	1	だいいち、{05:01}が怪我したのは\n俺のせいだしな。	
C06819	SSS5/357:339	대사:FD	1	今は、俺の仙窟の事より、自分の\n体を治す事だけ考えてねっ。	
C06820	SSS5/357:37E	대사:FD	1	心配しなくても、仙獣達がうまく\nやってるって!	
C06821	SSS5/357:3A0	대사:FD	1	気にしない、気にしない。	
C06822	SSS5/357:3B4	대사:09	1	やさしいんだ♡	
C06823	SSS5/357:3C9	대사:FD	1	それに、最近ずっと仙窟にいたから\n今日ぐらい休んだって大丈夫さ。	
C06824	SSS5/357:3F9	대사:FD	1	じゃあ、メシでも作ってくるよ。	
C06825	SSS5/357:455	대사:FD	1	ケガ人だから、よーく身体の事を考えて{0A}作らないとね。	
C06826	SSS5/357:482	대사:FD	1	おかゆなんかが、いいのかな?	
C06827	SSS5/357:499	대사:FD	1	この、おコメと	
C06828	SSS5/357:4A9	대사:FD	1	ヨモギと	
C06829	SSS5/357:4B8	대사:FD	1	ウイキョウと	
C06830	SSS5/357:4CA	대사:FD	1	ニラを加えて、ささっと　　	
C06831	SSS5/357:4EC	안내:0A	1	{05:00}は、怪しげな漢方おかゆを\n \n    作り始めた　　	
C06832	SSS5/357:531	안내:08	1	    それから、数時間後\n \n世にも珍妙な、おかゆが出来上がった!	
C06833	SSS5/357:5A5	대사:FD	1	おまたせ。{05:00}特製の\n料理だよ!	
C06834	SSS5/357:5C4	대사:09	1	わー、楽しみ♡	
C06835	SSS5/357:607	안내:08	1	{05:00}がフタを開けたとたん\n \nすごい臭いが部屋中に充満した!{08} \n（作った本人は、わからないらしい）	
C06836	SSS5/357:668	대사:09	1	す、すごい香り	
C06837	SSS5/357:698	대사:09	1	なんか、にがからいと言うか\nあましょっぱいと言おうか　　	
C06838	SSS5/357:6C0	대사:09	1	な、なんて言うか	
C06839	SSS5/357:6D1	대사:09	1	{05:00}の心が、こもっていて\nお、おいしいよぉ♡	
C06840	SSS5/357:6ED	대사:FD	2	おかわりもあるよ!	
C06841	SSS5/357:6FE	대사:09	1	も{03:02}も{03:02}お、おなかいっぱいよ。	
C06842	SSS5/357:715	대사:FD	1	いっぱい食べて、早く\n良くならないとね。	
C06843	SSS5/357:735	대사:09	1	わたしが元気になったら\nお願いがあるんだけど\n聞いてくれる?	
C06844	SSS5/357:75B	대사:FD	1	元気になったら、何だって\n聞いてあげるよ。	
C06845	SSS5/357:7B3	대사:FD	1	{05:01}、寝た\nみたいだな　　	
C06846	SSS5/357:7E6	대사:FD	1	なんか、すっかり巻き込んじゃったなぁ。	
C06847	SSS5/357:801	대사:FD	1	やっぱ{05:01}に、洞仙って\nバラしたのが、まずかったのかなぁ?	
C06848	SSS5/357:82C	대사:FD	1	それより、仙術の一つも教えとけば\n邪精なんかに、怪我させられる事も\n無かったのに　　	
C06849	SSS5/357:88F	대사:FD	1	後悔しても始まらないか。	
C06850	SSS5/357:8BB	안내:0C	2	次の日	
C06851	SSS5/357:8DA	대사:FD	1	さて今日は、どうしよう。	
C06852	SSS5/357:8F1	대사:FD	1	さすがに、二日も仙窟を開けるのは\nまずいよなぁ。	
C06853	SSS5/357:912	대사:FD	1	でも、{05:01}の事も\n気になるし　　	
C06854	SSS5/357:938	글	1	今日も、{05:01}と一緒にいる\n仙窟に出かける	
C06855	SSS5/357:96B	대사:FD	1	まだ、{05:01}の側にいて\nあげた方がよさそうだな。	
C06856	SSS5/357:9AF	대사:FD	1	気分はどんな?	
C06857	SSS5/357:9C2	대사:09	1	おはよう。	
C06858	SSS5/357:9D2	대사:09	1	おかげさまで、だいぶ良く\nなったわ。	
C06859	SSS5/357:9F9	대사:09	1	{05:00}、今日も仙窟に行かなくて\nだいじょうぶなの?	
C06860	SSS5/357:A57	대사:0A	1	ぎゃうぅ	
C06861	SSS5/357:A61	대사:FD	1	今回は仙窟設計が、ばっちり\nだったんだ!	
C06862	SSS5/357:A81	대사:FD	1	設計が、しっかり出来た仙窟だと{0A}仙獣達だけでも十分管理できる　　\nハズだよ。	
C06863	SSS5/357:AC3	대사:09	1	ホントに大丈夫なのね。	
C06864	SSS5/357:AD5	대사:FD	1	今日もここにいるよ。	
C06865	SSS5/357:AF5	대사:09	1	じゃあ、甘えちゃおうかしら?	
C06866	SSS5/357:B08	대사:FD	1	そんじゃあ、メシの支度をしてくるけど\n今日は何が食べたい。	
C06867	SSS5/357:B38	대사:09	1	も、{03:01}もう大丈夫よ\n急に元気になってきた!	
C06868	SSS5/357:B58	대사:09	1	食事の支度くらい出来るわ。	
C06869	SSS5/357:B7A	대사:FD	1	完全に治るまで、動いちゃ\n良くないよ。	
C06870	SSS5/357:B98	대사:09	1	　　　　♡	
C06871	SSS5/357:BA6	대사:FD	1	ささ、お好みのお食事は?	
C06872	SSS5/357:BBB	대사:09	1	き{03:02}、昨日のとはちがう奴に\nして欲しいなぁ　　	
C06873	SSS5/357:BDD	대사:FD	1	わかった!おかゆ以外の食べ物ね。	
C06874	SSS5/357:BFE	대사:09	1	昨日のは、おかゆだったの!	
C06875	SSS5/357:C6B	대사:FD	1	身体によさそうで、おかゆ\n以外の食べ物か?	
C06876	SSS5/357:C95	대사:FD	1	野菜なんかいいかな?	
C06877	SSS5/357:CDB	대사:FD	1	この辺に生えてるので、身体に\n良くて食べれるのは～	
C06878	SSS5/357:D07	글	1	ニガウリ\nモリモリ草\nサワヤカドクダミ\nアロエパパイヤ	
C06879	SSS5/357:D2C	대사:FD	1	そうだ!ニガウリにしよう!	
C06880	SSS5/357:D3F	대사:FD	1	ささっとゆがいて!	
C06881	SSS5/357:D56	대사:FD	1	サクサク斬って!	
C06882	SSS5/357:D66	대사:FD	1	貴重品だけど、シオをバサバサ	
C06883	SSS5/357:D7F	대사:FD	1	素材のうまみをそのまま生かした\nニガウリ料理の完成だ!	
C06884	SSS5/357:DAB	대사:FD	1	そうだ!モリモリ草にしよう!	
C06885	SSS5/357:DC0	대사:FD	1	手でちぎって	
C06886	SSS5/357:DD5	대사:FD	1	ぶちっぶちってね!	
C06887	SSS5/357:DE5	대사:FD	1	更に特製、仙宝業効のタレを\nこうべべーっとかけて!	
C06888	SSS5/357:E0B	대사:FD	1	モリモリ料理の完成だ!	
C06889	SSS5/357:E24	대사:FD	1	そうだ!サワヤカドクダミにしよう!	
C06890	SSS5/357:E3D	대사:FD	1	手で良くほぐして	
C06891	SSS5/357:E55	대사:FD	1	すじは食べれないから取ってと!	
C06892	SSS5/357:E6D	대사:FD	1	これにサンショと、にんじんの\nにじるをからめて　　	
C06893	SSS5/357:E8E	대사:FD	1	サワヤカドクダミ洞天風の\n完成だ!	
C06894	SSS5/357:EB0	대사:FD	1	そうだ!せっかくだから\n珍味アロエパパイヤを\n食べさせてあげよう!	
C06895	SSS5/357:EDC	대사:FD	1	中をくりぬいて	
C06896	SSS5/357:EF2	대사:FD	1	ちょっと、きつい臭いがするけど\nこれが業効の元だからな。	
C06897	SSS5/357:F19	대사:FD	1	くりぬいた所に、カラカラを\nまぶして　　	
C06898	SSS5/357:F36	대사:FD	1	珍味アロエパパイヤの\n完成だ!	
C06899	SSS5/357:F84	안내:0A	1	{05:00}が、出かけてから\n \nたちまち、数時間が経過した　　	
C06900	SSS5/357:FCE	대사:FD	1	よっ、待たせたな!	
C06901	SSS5/357:FE4	대사:FD	1	よし、作るか!	
C06902	SSS5/357:1034	대사:FD	1	これをおいしく食べるコツは	
C06903	SSS5/357:108E	대사:FD	1	これでよし!{00}	
C06904	SSS5/357:109B	대사:0A	1	ギャゥゥ	
C06905	SSS5/357:10B1	대사:FD	1	{05:02}には、難しい\n味だったかな?	
C06906	SSS5/357:10D6	대사:0A	1	グゥゥゥゥ	
C06907	SSS5/357:10DF	대사:FD	1	さてと!	
C06908	SSS5/357:114A	대사:FD	1	食事が出来たよ。	
C06909	SSS5/357:1166	대사:09	1	何か、またまたやな香り!	
C06910	SSS5/357:117A	대사:FD	1	栄養いっぱい、病気も怪我も\nはだしで逃げ出す特製野菜盛りだ!	
C06911	SSS5/357:11DC	대사:09	1	私も逃げ出したいわよぉ	
C06912	SSS5/357:11F0	대사:09	1	な{03:01}なんか、ツーンってするんだけど・・	
C06913	SSS5/357:120A	대사:FD	1	大丈夫だって、臭いはきついけど\n業効は、保証済みさ。	
C06914	SSS5/357:1235	대사:09	1	また業効って言ってるぅ	
C06915	SSS5/357:1249	대사:FD	2	どう?	
C06916	SSS5/357:1250	대사:09	1	どうって、言われても　{03:01}　{03:01}	
C06917	SSS5/357:126B	대사:09	1	くらくらするくらい、おいしい\n　{03:01}　{03:01}様な気がする。	
C06918	SSS5/357:1291	대사:09	1	わ{03:01}、悪気はないのよね{09}きっと{03:01}　{03:01}　	
C06919	SSS5/357:12B3	대사:09	1	レもなんか、ピリピリするよ。	
