ID	구분	원문	번역
I000	설명		
I001	설명	にくまん\n食べるとHPが少し\n回復します。	
I002	설명	かいふくたん\n食べるとHPが\n回復します。	
I003	설명	ごくらくたん\n食べるとHPが\n完全に回復します。	
I004	설명	ももまん\n食べるとMPが少し\n回復します。	
I005	설명	しょうれいそう\n使うとMPが\n回復します。	
I006	설명	まふうそう\n使うとMPが\n回復します。	
I007	설명	あかいろどうせきのつぶ\n使うと部屋ポイントが\n少し増えます。	
I008	설명	あかいろどうせき\n使うと部屋ポイントが\n増えます。	
I009	설명	あかいろどうせきのふくろ\n使うと部屋ポイントが\n増えます。	
I010	설명	あおいろどうせきのつぶ\n使うと通路ポイントが\n少し増えます。	
I011	설명	あおいろどうせき\n使うと通路ポイントが\n増えます。	
I012	설명	あおいろどうせきのふくろ\n使うと通路ポイントが\n増えます。	
I013	설명	りゅうせきのつぶ\n使うとエネルギーが\n少し増えます。	
I014	설명	りゅうせきのけっしょう\n使うとエネルギーが\n増えます。	
I015	설명	りゅうせきのかたまり\n使うとエネルギーが\n増えます。	
I016	설명	てんまのくつ\n装備すると\n速さが上がります。	
I017	설명	りゅうせきのはこ\n使うとエネルギーが\n増えます。	
I018	설명	せいのおうぎ\n黄色因素の気を帯びた扇\n部屋にエネルギーを\n与えます。	
I019	설명	かつのおうぎ\n黄色因素の気を帯びた扇\n部屋にエネルギーを\n与えます。	
I020	설명	りょうのおうぎ\n黄色因素の気を帯びた扇\n部屋にエネルギーを\n与えます。	
I021	설명	せんたんのつぶ\n使うと仙丹が少し増えます	
I022	설명	せんたんのけっしょう\n使うと仙丹が増えます。	
I023	설명	せんたんのかたまり\n使うと仙丹が増えます。	
I024	설명	えいのおうぎ\n緑色因素の気を帯びた扇\n部屋に仙丹を与えます。	
I025	설명	じょうのおうぎ\n緑色因素の気を帯びた扇\n部屋に仙丹を与えます。	
I026	설명	ごうのおうぎ\n緑色因素の気を帯びた扇\n部屋に仙丹を与えます。	
I027	설명	ぎょくせいこんごう\n特別な呪法で作った鎧です\n装備すると、防御力が\n上がります。	
I028	설명	せんたんのはこ\n使うと仙丹が増えます。	
I029	설명	おこうのかけら\n使うと部屋の耐久力が\n少し回復します。	
I030	설명	りょうふうこう\n使うと部屋の耐久力が\n回復します。	
I031	설명	せいおうぼのおこう\n使うと部屋の耐久力が\n完全に回復します。	
I032	설명	せいふうこう\n使うと破壊された部屋が\n回復します。	
I033	설명	かいふくふうきゅう\n回復功が\n封じこまれた球です。	
I034	설명	ひょうらいのつぼ\n氷雷陣が\n封じこまれた壷です。	
I035	설명	くものさんご\n召喚陣式蜘蛛が\n封じこまれたサンゴです。	
I036	설명	ついしちせいふうきゅう\n追七星が\n封じこまれた球です。	
I037	설명	そうきょくのつぼ\n双極爆縮陣が\n封じこまれた壷です。	
I038	설명	ばくえんのつぼ\n妖撃爆炎舞が\n封じこまれた壷です。	
I039	설명	めっさつのさんご\n妖撃滅殺線が\n封じこまれたサンゴです。	
I040	설명	ようしんのどくろ\n陽神護法が\n封じこまれたドクロです。	
I041	설명	はじんのつぼ\n破陣砲が\n封じこまれた壷です。	
I042	설명	がきだまのつぼ\n召喚陣餓鬼魂が\n封じこまれた壷です。	
I043	설명	ついきふうきゅう\n妖撃追氣弾が\n封じこまれた球です。	
I044	설명	くうざんふうきゅう\n空斬が\n封じこまれた球です。	
I045	설명	えんりゅうのどくろ\n龍炎弾が\n封じこまれたドクロです。	
I046	설명	しきがみのつぼ\nなむなむが\n封じこまれた壷です。	
I047	설명	だいかいふくふうきゅう\n大回復陣が\n封じこまれた球です。	
I048	설명	ようきふうきゅう\n陽気砲が\n封じこまれた球です。	
I049	설명	はざんふうきゅう\n破斬が\n封じこまれた球です。	
I050	설명	てんていのどくろ\n天帝陣八極炉が\n封じこまれたドクロです。	
I051	설명	じょうせいこんごう\n特別な呪法で作った鎧です\n装備すると、防御力が\n上がります。	
I052	설명	むてんふうすいこう\nいろんな気がまざったお香\n部屋の属性をランダムに\n変化させます。	
I053	설명	かてんふうすいこう\n火の気が封じ込められた\nお香です。部屋の属性を\n火に変化させます。	
I054	설명	どてんふうすいこう\n土の気が封じ込められた\nお香です。部屋の属性を\n土に変化させます。	
I055	설명	きんてんふうすいこう\n金の気が封じ込められた\nお香です。部屋の属性を\n金に変化させます。	
I056	설명	すいてんふうすいこう\n水の気が封じ込められた\nお香です。部屋の属性を\n水に変化させます。	
I057	설명	もくてんふうすいこう\n木の気が封じ込められた\nお香です。部屋の属性を\n木に変化させます。	
I058	설명	ひきなみのほういばん\n部屋に面した通路に扉を\n付ける事ができます。\n（四隅と短い通路以外）	
I059	설명	ぞうこくのふで\n呪法が封じ込められた筆\n時間を増やす事ができます	
I060	설명	ぞうこくのしんひつ\n呪法が封じ込められた筆\n時間を増やす事ができます	
I061	설명	さいきのたま\n時の封呪のかけらが\n封じ込められた球\n時間を戻す事ができます。	
I062	설명	しんりゅうのひげ\n謎のアイテムです。\n使うとアイテムを\n強化する事ができます。	
I063	설명	でいりゅうのひげ\n謎のアイテムです。\n使うとアイテムを\n劣化する事ができます。	
I064	설명	みわくのももまん\nとてもおいしい桃まんです\n使うとHPとMPが\n完全に回復します。	
I065	설명	こくうのゆびわ\n謎のアイテム。\n全ての仙術が3分の2の\nMPで使用できます。	
I066	설명	りんかいのなみだ\n使用後にセーブすることに\nより、なぞ窟を1問も解い\nていない状態にします。	
I067	설명	かつえいこう\n使うと破壊された部屋が\n回復します。	
I068	설명	エネルギー生産力レベル4\n火1土4木1\n生産部屋以外の部屋でエネ\nルギーを生産できます。	
I069	설명	仙丹生産力レベル4\n火1金4木1\n練丹部屋以外の部屋で仙丹\nを生産できます。	
I070	설명	四神雷鳴\n金3水1木4\n掘削能力LV4をさらに\n強化する事ができます。	
I071	설명	爆雷光生産\n火1土1水1木2\n攻撃部屋以外の部屋で\nトラップを生産できます。	
I072	설명	太極宝宮\n火2土2水4木1\n召喚能力LV4をさらに\n強化する事ができます。	
I073	설명	風神勇尊\n火2土2金2水2木2\n全ての部屋の耐久力が徐々\nに回復します。	
I074	설명	龍盛豪炉\n土1金1水2木5\n全ての部屋の仙丹生産力を\n上げます。	
I075	설명	玉皇宝華\n火5土1金1水2\n全ての部屋のエネルギー生\n産力を上げます。	
I076	설명	中攻撃の無敵の中に\nすべての活路があるのじゃ\nこれぞ洞仙の極意なり。	
I077	설명	1でも龍穴炉に振り込めば\nHPとMPは回復するぞ\n要は使いようじゃな。	
I078	설명	靴を装備すると\nスマッシュが変化するぞ\n敵の攻撃をかいくぐって\n攻撃できるすぐれものじゃ	
I079	설명	槍を装備すると\n小攻撃が変化するぞ\nリーチが長くなって\n使いやすくなるのじゃ	
I080	설명	巻物や剣を装備すると\n大攻撃が変化するぞ\n長所と短所を上手く\n使いわけるべし。	
I081	설명	そうりゅうれっぱ\n気が密集された謎の道具\n使うと部屋から出る\n風水量が2倍になります。	
I082	설명	きのすこっぷ\n装備すると、攻撃力が\n上がります。	
I083	설명	てつのすこっぷ\n装備すると、攻撃力が\n上がります。	
I084	설명	せんせきすこっぷ\n装備すると、攻撃力が\n上がります。	
I085	설명	ばんこのくっさくぐ\n古の神が用いた掘削具。\n装備すると、攻撃力が\n上がります。	
I086	설명	たんけん\n軽くて持ちやすい短剣。\n装備すると攻撃力と速さが\n上がります。	
I087	설명	ひしゅ\n両刃の短剣。\n装備すると攻撃力と速さが\n上がります。	
I088	설명	ぎょくのこだち\n黒曜石でできた短剣。\n装備すると攻撃力と速さが\n上がります。	
I089	설명	てんぞんごりゅうとう\n伝説の短剣。\n装備すると攻撃力と速さが\n上がります。	
I090	설명	西洋より伝えられし短剣\n装備すると攻撃力と速さが\n上がります。	
I091	설명	てんぞんふうますい\n主人公専用の武器です。\n速さとクリティカルヒット\n率が上がります。	
I092	설명	てんぞんさくがんぐ\n伝説の削岩具。\n装備すると、攻撃力が\n上がります。	
I093	설명	ほうちょう\n普通の包丁です。\n装備すると攻撃力と速さが\n上がります。	
I094	설명	てつじんのほうちょう\n鍛えられし鉄人の包丁。\n装備すると攻撃力と速さが\n上がります。	
I095	설명	てんぞんほうおうは\n聖なる羽根です。\n装備すると攻撃力と速さが\n上がります。	
I096	설명	ぼくとう\n木でできた刀です。\n装備すると、攻撃力が\n上がります。	
I097	설명	わとう\n東国より伝えられし刀です\n装備すると、攻撃力が\n上がります。	
I098	설명	しゅらとう\n修羅の紋章の刻まれた刀\n装備すると、攻撃力が\n上がります。	
I099	설명	りゅうがとう\n龍の牙から作られた剣です\n装備すると、攻撃力が\n上がります。	
I100	설명	がんこう\n古代の帝王が用いた名剣。\n装備すると、攻撃力が\n上がります。	
I101	설명	てんぞんしょうぽうしょ\n主人公専用の武器です。\nほとんどのパラメーターが\n上がります。	
I102	설명	ぜってんらせつそう\n龍・犬・虎専用の武器です\nクリティカルヒット率が\n上がります。	
I103	설명	てんぞんごくりゅうそう\n龍・犬・虎専用の武器です\nクリティカルヒット率が\n上がります。	
I104	설명	てんぞんえんそうきゅう\n馬専用の武器です。\nクリティカルヒット率が\n上がります。	
I105	설명	じんぎ\n東国の侍が用いた名剣。\n装備すると、攻撃力が\n上がります。	
I106	설명	西洋に伝わる名剣。\n装備すると、攻撃力が\n上がります。	
I107	설명	てんぞんはまとう\n怨霊をなぎはらう霊剣。\n装備すると、攻撃力が\n上がります。	
I108	설명	きのつえ\n木でできた杖です。\n装備すると、攻撃力が\n上がります。	
I109	설명	せいじゅうのつえ\n聖獣の魔力を封じた杖。\n装備すると、攻撃力が\n上がります。	
I110	설명	せいりゅうのつえ\n神仙の霊力を封じた杖。\n装備すると、攻撃力が\n上がります。	
I111	설명	はてんのつえ\n呪法により作られた杖。\n装備すると、攻撃力が\n上がります。	
I112	설명	まおうのつえ\n古の魔王が封じ込まれた杖\n装備すると、攻撃力が\n上がります。	
I113	설명	てんぞんしゃくぶくじょう\nすさまじい霊力を封じた杖\n装備すると、攻撃力が\n上がります。	
I114	설명	たんりゅうせい\n主人公専用の武器です。\n速さとクリティカルヒット\n率が上がります。	
I115	설명	そうりゅうせい\n主人公専用の武器です。\n速さとクリティカルヒット\n率が上がります。	
I116	설명	りゅうせいすい\n主人公専用の武器です。\n速さとクリティカルヒット\n率が上がります。	
I117	설명	おうがすい\n主人公専用の武器です。\n速さとクリティカルヒット\n率が上がります。	
I118	설명	たけやり\n竹の槍です。\nクリティカルヒット率が\n上がります。	
I119	설명	てつのやり\n鉄でできた槍です。\nクリティカルヒット率が\n上がります。	
I120	설명	せんせきのやり\n仙石でできた槍です。\nクリティカルヒット率が\n上がります。	
I121	설명	ほうてんげき\n鋼鉄の刃も持つ槍です。\nクリティカルヒット率が\n上がります。	
I122	설명	こうおうそう\n鍛えぬかれし名槍。\nクリティカルヒット率が\n上がります。	
I123	설명	てんぞんかいじんそう\n古代遺跡より出でた神槍。\nクリティカルヒット率が\n上がります。	
I124	설명	いしのおの\n石の斧です。\n牛専用の武器です。	
I125	설명	てつのおの\n鉄の斧です。\n牛専用の武器です。	
I126	설명	せんせきのたいふ\n仙石でできた斧です。\n牛専用の武器です。	
I127	설명	しいうのおの\n崖尤が作ったという斧。\n牛専用の武器です。	
I128	설명	ごうらのせんぷ\nかの豪傑が用いた斧。\n牛専用の武器です。	
I129	설명	てんぞんらえんふ\n神力により山をも砕く斧。\n牛専用の武器です。	
I130	설명	きのどっこしょ\n猪専用の武器です。\n知性と部屋修復能力が\n上がります。	
I131	설명	くれないのどっこしょ\n猪専用の武器です。\n知性と部屋修復能力が\n上がります。	
I132	설명	こんごうしょ\n猪専用の武器です。\n知性と部屋修復能力が\n上がります。	
I133	설명	てんぞんどえんしょ\n猪専用の武器です。\n知性と部屋修復能力が\n上がります。	
I134	설명	にょらい\n猪専用の武器です。\n知性と部屋修復能力が\n上がります。	
I135	설명	てんぞんみょうほうりん\n蛇専用の武器です。\nクリティカルヒット率が\n上がります。	
I136	설명	だげきのまきもの\n主人公専用の武器です。\nほとんどのパラメーターが\n上がります。	
I137	설명	じんつうりきのまきもの\n主人公専用の武器です。\nほとんどのパラメーターが\n上がります。	
I138	설명	はまのまきもの\n主人公専用の武器です。\nほとんどのパラメーターが\n上がります。	
I139	설명	めいかいちょうぶくしょ\n主人公専用の武器です。\nほとんどのパラメーターが\n上がります。	
I140	설명	ぼんだのはね\n鳥専用の武器です。\n装備すると攻撃力と速さが\n上がります。	
I141	설명	かいだのはね\n鳥専用の武器です。\n装備すると攻撃力と速さが\n上がります。	
I142	설명	げきだのはね\n鳥専用の武器です。\n装備すると攻撃力と速さが\n上がります。	
I143	설명	きのゆみ\n馬専用の武器です。\nクリティカルヒット率が\n上がります。	
I144	설명	れんど\n馬専用の武器です。\nクリティカルヒット率が\n上がります。	
I145	설명	こうていのゆみ\n馬専用の武器です。\nクリティカルヒット率が\n上がります。	
I146	설명	くろのゆみ\n馬専用の武器です。\nクリティカルヒット率が\n上がります。	
I147	설명	いしのつめ\n龍・犬・虎専用の武器です\nクリティカルヒット率が\n上がります。	
I148	설명	てつのつめ\n龍・犬・虎専用の武器です\nクリティカルヒット率が\n上がります。	
I149	설명	もうこらいめいそう\n龍・犬・虎専用の武器です\nクリティカルヒット率が\n上がります。	
I150	설명	くるみのすず\n蛇専用の武器です。\nクリティカルヒット率が\n上がります。	
I151	설명	ぎやまんのすず\nギヤマン（硝子）の鈴です\nクリティカルヒット率が\n上がります。	
I152	설명	めのうのすず\n蛇専用の武器です。\nクリティカルヒット率が\n上がります。	
I153	설명	じゃしんのすず\n蛇神の印が掘られた鈴。\nクリティカルヒット率が\n上がります。	
I154	설명	りゅうせいりん\n蛇専用の武器です。\nクリティカルヒット率が\n上がります。	
I155	설명	やしゃ\n龍・犬・虎専用の武器です\nクリティカルヒット率が\n上がります。	
I156	설명	ちいさいあさのふく\n麻でできた服です。\n装備すると、防御力が\n上がります。	
I157	설명	ちいさいどうせんのふく\n大地の気の宿る服です。\n装備すると、防御力が\n上がります。	
I158	설명	ちいさいしんせんのふく\n神仙の気の宿る服です。\n装備すると、防御力が\n上がります。	
I159	설명	らしょうせんい\n特別な呪法で作った服です\n装備すると、防御力が\n上がります。	
I160	설명	ちいさいかわのよろい\n装備すると、防御力が\n上がります。	
I161	설명	ちいさいてつのよろい\n装備すると、防御力が\n上がります。	
I162	설명	ちいさいせんせきのよろい\n装備すると、防御力が\n上がります。	
I163	설명	ひょうりゅう\n特別な呪法で作った鎧です\n装備すると、防御力が\n上がります。	
I164	설명	あさのふく\n麻でできた服です。\n装備すると、防御力が\n上がります。	
I165	설명	どうせんのふく\n大地の気の宿る服です。\n装備すると、防御力が\n上がります。	
I166	설명	しんせんのふく\n神仙の気の宿る服です。\n装備すると、防御力が\n上がります。	
I167	설명	はしゃぎょくい\n特別な呪法で作った服です\n装備すると、防御力が\n上がります。	
I168	설명	ぬすっとのころも\n盗賊に伝わる伝説の衣。\n装備すると、防御力が\n上がります。	
I169	설명	かわのよろい\n装備すると、防御力が\n上がります。	
I170	설명	てつのよろい\n装備すると、防御力が\n上がります。	
I171	설명	せんせきのよろい\n装備すると、防御力が\n上がります。	
I172	설명	えんりゅう\n特別な呪法で作った鎧です\n装備すると、防御力が\n上がります。	
I173	설명	おおきいあさのふく\n麻でできた服です。\n装備すると、防御力が\n上がります。	
I174	설명	おおきいどうせんのふく\n大地の気の宿る服です。\n装備すると、防御力が\n上がります。	
I175	설명	おおきいしんせんのふく\n神仙の気の宿る服です。\n装備すると、防御力が\n上がります。	
I176	설명	じんしょうほうい\n特別な呪法で作った服です\n装備すると、防御力が\n上がります。	
I177	설명	おおきいかわのよろい\n装備すると、防御力が\n上がります。	
I178	설명	おおきいてつのよろい\n装備すると、防御力が\n上がります。	
I179	설명	おおきいせんせきのよろい\n装備すると、防御力が\n上がります。	
I180	설명	れつりゅう\n特別な呪法で作った鎧です\n装備すると、防御力が\n上がります。	
I181	설명	ぬののぼうし\n装備すると、最大MPが\n上がります。	
I182	설명	しょうまのぼうし\n魔力を封じ込めた帽子です\n装備すると、最大MPが\n上がります。	
I183	설명	ふうまのぼうし\n魔力を封じ込めた帽子です\n装備すると、最大MPが\n上がります。	
I184	설명	ぬののおび\n装備すると、最大HPが\n上がります。	
I185	설명	えいきのおび\n鋭気を封じ込めた帯です\n装備すると、最大HPが\n上がります。	
I186	설명	しんせんのおび\n神仙の気の宿る帯です。\n装備すると、最大HPが\n上がります。	
I187	설명	しんせんのてんい\n特別な呪法で作った服です\n主人公専用の防具です。	
I188	설명	ねしんのどうい\n特別な呪法で作った服です\n鼠専用の防具です。	
I189	설명	うしがみのどうい\n特別な呪法で作った服です\n牛専用の防具です。	
I190	설명	とらがみのどうい\n特別な呪法で作った服です\n虎専用の防具です。	
I191	설명	うしんのどうい\n特別な呪法で作った服です\n兎専用の防具です。	
I192	설명	たつがみのどうい\n特別な呪法で作った服です\n龍専用の防具です。	
I193	설명	みしんのどうい\n特別な呪法で作った服です\n蛇専用の防具です。	
I194	설명	うしがみのどうい\n特別な呪法で作った服です\n馬専用の防具です。	
I195	설명	ひつじがみのどうい\n特別な呪法で作った服です\n未専用の防具です。	
I196	설명	さるがみのどうい\n特別な呪法で作った服です\n猿専用の防具です。	
I197	설명	とりがみのどうい\n特別な呪法で作った服です\n鳥専用の防具です。	
I198	설명	いぬがみどうい\n特別な呪法で作った服です\n犬専用の防具です。	
I199	설명	いしんのどうい\n特別な呪法で作った服です\n猪専用の防具です。	
I200	설명	かわのたて\n装備すると防御力が\n上がります。	
I201	설명	せきしんのたて\n忠義の心を宿した盾です。\n装備すると防御力が\n上がります。	
I202	설명	せんせきのたて\n装備すると防御力が\n上がります。	
I203	설명	てんこうのたて\n天狗の皮をなめした盾です\n装備すると防御力が\n上がります。	
I204	설명	西洋より伝わる聖なる盾。\n装備すると防御力が\n上がります。	
I205	설명	びしゃもんてんのごふ\n毘沙門天の加護があります\n鼠・牛・猪専用の護符です	
I206	설명	じこくてんのごふ\n持国天の加護があります\n虎・兎・龍専用の護符です	
I207	설명	ぞうちょうてんのごふ\n増長天の加護があります\n蛇・馬・羊専用の護符です	
I208	설명	こうもくてんのごふ\n広目天の加護があります\n猿・鳥・犬専用の護符です	
I209	설명	はくちょうのせいはい\n白鳥が彫ってある聖盃です\n装備すると\n部屋修復能力が上がります	
I210	설명	くじゃくのせいはい\n孔雀が彫ってある聖盃です\n装備すると\n部屋{1E}修復能力が上がります	
I211	설명	ほうおうのせいはい\n鳳凰が彫ってある聖盃です\n装備すると\n部屋{1E}修復能力が上がります	
I212	설명	けいしんのくつ\n軽くて丈夫な靴。\n装備すると\n速さが上がります。	
I213	설명	じょうこうのくつ\n乗黄の気を宿した靴。\n装備すると\n速さが上がります。	
I214	설명	いだてんのくつ\n韋駄天の神力を宿した靴。\n装備すると\n速さが上がります。	
I215	설명	ひらめきのじゅず\n不思議な呪法で作った数珠\n装備すると\n知力が上がります。	
I216	설명	さとりのじゅず\n不思議な呪法で作った数珠\n装備すると、知力が\n上がります。	
I217	설명	とらめいしのじゅず\n不思議な呪法で作った数珠\n装備すると、知力が\n上がります。	
I218	설명	ねずみのりゅっく\n龍石を入れる事ができます\nエネルギーの運撒能力が\n上がります。	
I219	설명	たいそのりゅっく\n龍石を入れる事ができます\nエネルギーの運撒能力が\n上がります。	
I220	설명	きょそのりゅっく\n龍石を入れる事ができます\nエネルギーの運撒能力が\n上がります。	
I221	설명	そしょうのせいふ\n不思議な呪法で作った護符\nエネルギーの運撒能力が\n上がります。	
I222	설명	そおうのせいふ\n不思議な呪法で作った護符\nエネルギーの運撒能力が\n上がります。	
I223	설명	そしんのせいふ\n不思議な呪法で作った護符\nエネルギーの運撒能力が\n上がります。	
I224	설명	りゅうのりゅっく\n仙丹を入れる事ができます\n仙丹の運撒能力が\n上がります。	
I225	설명	しんりゅうのりゅっく\n仙丹を入れる事ができます\n仙丹の運撒能力が\n上がります。	
I226	설명	きょりゅうのりゅっく\n仙丹を入れる事ができます\n仙丹の運撒能力が\n上がります。	
I227	설명	ようりゅうのせいふ\n不思議な呪法で作った護符\n仙丹の運撒能力が\n上がります。	
I228	설명	きんりゅうのせいふ\n不思議な呪法で作った護符\n仙丹の運撒能力が\n上がります。	
I229	설명	ぎょくりゅうのせいふ\n不思議な呪法で作った護符\n仙丹の運撒能力が\n上がります。	
I230	설명	ぼんしゅのおび\n呪法をおびた帯。\n各運撒能力、部屋修復能力\nが使えなくなります。	
I231	설명	めいしゅのおび\n呪法をおびた帯。\n各運撒能力、部屋修復能力\nが上がります。	
I232	설명	きょむのゆびわ\n謎のアイテム。\n全ての仙術が3分の1の\nMPで使用できます。	
I233	설명	たいせいこんごう\n特別な呪法で作った鎧です\n装備すると、防御力が\n上がります。	
I234	설명	かいでんのまきもの\n洞仙の秘伝の巻物です。	
I235	설명	げんぶきょう\n玄武の紋章が彫られた鏡。	
I236	설명	びゃっこきょう\n白虎の紋章が彫られた鏡。	
I237	설명	そうりゅうきょう\n蒼龍の紋章が彫られた鏡。	
I238	설명	すざくきょう\n朱雀の紋章が彫られた鏡。	
I239	설명	はちめんきょう\n古の仙宝です。	
I240	설명	ときのふうじゅ\n敵を過去に吹き飛ばす\n古より伝わる禁呪です。	
I241	설명	かいふうのほうじゅ\n封印されている\nドアを開けます。	
I242	설명	神仙界の知恵の実の種です\nひからびているので、\n役に立ちません。	
I243	설명	てんれいきゅう\n忌まわしきものが\n封印されています。	
I244	설명	しょうぎばん	
I245	설명	りゅうのたまご	
I246	설명	たいせいじゅのいのち\n大聖樹の生命の残り火が\nより集まって結晶化した物	
I247	설명	てがみ	
I248	설명	りょうり	
I249	설명	りょうり	
I250	설명	おなべ	
I251	설명	どりゅうのけん\nなぞ窟の問題を全て\n解いた者のみが\n持つ事を許される伝説の剣	
I252	설명	せんたん	
I253	설명	神仙界の知恵の実の種です\n必要なエネルギーが、少し\nたまっています。	
I254	설명	神仙界の知恵の実の種です\n宿った物と引き換えに、\n小さな願いをかなえます。	
I255	설명		
