영상	시작	끝	원문(복원)	번역	비고
OPENING	0.0	8.0	天に連なる数々の山の麓に、洞天府と呼ばれる桃源郷がありました。	하늘에 닿은 여러 산기슭에\n동천부라 불리는 무릉도원이 있었습니다。	⚠道天府→洞天府(추정)·数山→数々の山
OPENING	8.0	13.0	街は豊かで、人々は平和に暮らしていました。	마을은 풍요로웠고\n사람들은 평화롭게 살고 있었습니다。
OPENING	13.0	20.0	が、洞仙と呼ばれる仙人だけは、異変を感じ取っていたのです。	하지만 동선이라 불리는 선인만은\n이변을 느끼고 있었습니다。	道仙→洞仙
OPENING	20.0	28.0	街の発展とは裏腹に、大地が命を育む力を失っていると。	마을의 발전과는 반대로\n대지가 생명을 기르는 힘을 잃어 간다고。
OPENING	28.0	37.0	そして、大地に再び命を与えるため、見習い洞仙の長い修行が始まったのです。	그리고 대지에 다시 생명을 주기 위해\n견습 동선의 긴 수행이 시작되었습니다。
HELP01	0.0	6.0	部屋を大きく作ると、強化機能の数も増えていくの。	방을 크게 만들면\n강화 기능 수도 늘어나。
HELP01	9.0	14.0	属性によっては作れない部屋もあるから、風水盤の内容をよく確認してね。	속성에 따라 못 만드는 방도 있으니까\n풍수반 내용을 잘 확인해。	風水版→風水盤
HELP01	15.0	21.0	作るときに部屋ポイントとエネルギーが必要じゃ。	만들 때는 방 포인트와\n에너지가 필요하니라。	앞 «はぁ» 뺌
HELP01	22.0	26.0	ポイントは、龍穴炉にエネルギーを入れるともらえるのよ。	포인트는 용혈로에\n에너지를 넣으면 받을 수 있어。	流血炉→龍穴炉
HELP02	0.0	5.0	こんな感じで部屋に通路をつなげると、扉ができるの。	이렇게 방에 통로를 이으면\n문이 생겨。	ツール→通路
HELP02	12.0	18.0	じゃが、扉を作るスペースがない場合は、扉はできんのじゃ。	하지만 문을 만들 자리가 없으면\n문은 생기지 않느니라。
HELP02	22.0	27.0	あと、部屋の四隅に通路をつなげても、扉は設置できないのよ。	그리고 방 네 귀퉁이에 통로를 이어도\n문은 달 수 없어。	ツール→通路 · 끝 «おしまい。ご視聴…» 뺌(받아쓰기 환각)
HELP03	0.0	6.5	トラップは攻撃部屋を作ると、次のターンから自動的に生産されるようになるの。	함정은 공격 방을 만들면\n다음 턴부터 자동으로 생산돼。
HELP03	6.5	14.0	もっと強いトラップや、他のトラップを作りたいときは集計タイムで強化するのじゃ。	더 강한 함정이나 다른 함정을 만들고 싶으면\n집계 타임에 강화하느니라。
HELP03	14.0	18.5	仙丹が十分に溜まっていたら、こんな要領でね。	선단이 충분히 모였으면\n이런 식으로。	⚠先端→仙丹 · «こんな容量出た» 추정
HELP03	20.5	25.5	次は、トラップ設置で好きな場所に置いて完了じゃ。	다음은 함정 설치로\n원하는 곳에 두면 끝이니라。
HELP03	25.5	30.0	これで仙窟の防御力は倍増じゃぞ!	이걸로 선굴의 방어력은\n두 배가 되느니라!	先屈→仙窟
HELP04	0.0	5.0	行軍設定のときに「ループしていません」と表示されることがあるでしょう。	행군 설정 때 「루프가 아닌데」라고\n뜰 때가 있지?	抗群→行軍 · 메시지는 V00109 «루프가 아닌데 괜찮습니까?»
HELP04	6.0	11.0	ループさせるには始点の部屋までしっかりと設定してあげる必要があるの。	루프로 만들려면 처음 방까지\n제대로 설정해 줘야 해。	視点→始点
HELP04	15.0	21.0	ループ設定をきちーんとすると効率よく行軍させることができるのじゃ。	루프 설정을 제대로 하면\n효율적으로 행군시킬 수 있느니라。
HELP05	0.0	3.0	仙獣のパーティー数を増やしたいんだけど。	선수 파티 수를 늘리고 싶은데。	戦中→仙獣
HELP05	5.0	10.0	パーティーの数は召喚部屋と同じ数だけ作れるのじゃ。	파티는 소환 방 수만큼\n만들 수 있느니라。
HELP05	11.0	16.0	このように召喚部屋をいくつも作れば解決じゃ。	이렇게 소환 방을 여러 개 만들면\n해결이니라。
HELP06	0.0	9.0	仙窟をパワーアップするには強化することが必要なの。集計タイムのときにメニューを選んでから強化したい部屋を決めるの。	선굴을 키우려면 강화가 필요해。\n집계 타임에 메뉴를 고르고 강화할 방을 정해。	仙屈→仙窟
HELP06	10.0	16.0	強化はな、部屋にたまった仙丹を使うのじゃ。	강화에는 방에 모인\n선단을 쓰느니라。	先端→仙丹
HELP06	16.0	20.0	じゃあ仙丹生産力レベル2を選択。	그럼 선단 생산력 LV2를 선택。
HELP06	20.0	29.0	消費エネルギーは、この強化をつけると1ターンにつき60エネルギーを消費するということを表しとる。	소비 에너지는 이 강화를 달면\n한 턴에 에너지 60을 쓴다는 뜻이니라。
HELP06	29.0	34.0	必要仙丹40は強化するのに必要な仙丹の数ね。	필요 선단 40은\n강화에 필요한 선단 수야。
HELP06	34.0	37.0	次の画面はエネルギーの収支よ。	다음 화면은 에너지 수지야。
HELP06	37.0	41.0	とりあえず赤字になっていなければOKってことね。	일단 적자만 아니면\n괜찮다는 거지。
HELP06	41.0	45.0	これで強化は完了じゃ。	이걸로 강화는 끝이니라。
HELP06	45.0	49.0	ほら、仙丹もさっきより多く生産するようになったでしょ。	봐、선단도 아까보다\n많이 생산하게 됐지?
HELP06	49.0	56.0	強化はものすごく重要な技じゃぞ。必ずマスターするのじゃぞ。	강화는 아주 중요한 기술이니라。\n반드시 익혀 두거라。
HELP07	0.0	4.0	部屋が停止している状態は実は2種類あるの。	방이 멈춘 상태는\n사실 두 가지야。
HELP07	5.0	9.0	これはエネルギーが足りなくて停止している状態の部屋じゃ。	이건 에너지가 모자라\n멈춘 방이니라。
HELP07	10.0	13.0	こっちは部屋が破壊されとる。	이쪽은 방이 부서졌느니라。
HELP07	14.0	18.0	停止しているときは状態を見極め、正しい対処をしましょう。	멈췄을 때는 상태를 잘 보고\n알맞게 대처하자。
HELP08	0.0	2.0	部屋を壊されちゃった。	방이 부서져 버렸어。
HELP08	2.0	7.0	壊されにくい部屋を作るのは結構簡単じゃぞ。	잘 안 부서지는 방을 만드는 건\n꽤 간단하니라。	じゃどん→じゃぞ
HELP08	7.0	11.0	耐久力を強化していくだけじゃ。	내구력을 강화해 가기만 하면 되느니라。	体重力→耐久力
HELP08	11.0	15.0	これでちょっとやそっとじゃ壊されない部屋の出来上がりね。	이걸로 웬만해선 안 부서지는\n방이 완성이야。
HELP09	0.0	5.0	破壊されてしまった部屋は、部屋修復能力を持った仙獣にしか直せないの。	부서진 방은 방 수복 능력을 가진\n선수만 고칠 수 있어。	扇銃→仙獣
HELP09	5.0	11.0	こんな風に、壊れた部屋のところに、修復能力を持った仙獣を行かせてあげればオッケーよ。	이렇게 부서진 방으로 수복 능력이 있는\n선수를 보내 주면 돼。	修理→修復
HELP10	0.0	5.72	エネルギーが足りなくて停止した部屋を直すには?	에너지가 모자라 멈춘 방을\n고치려면?
HELP10	5.72	12.72	エネルギー運撒能力のある仙獣にエネルギーを運んでもらえば、次のターンには正常に戻るのよ。	에너지 운반 능력이 있는 선수가\n에너지를 나르면 다음 턴엔 정상으로 돌아와。	戦獣→仙獣
HELP10	12.72	19.72	エネルギーを生産部屋から各部屋へ運ぶのは、仙獣にしかできんのじゃ。	에너지를 생산 방에서 각 방으로 나르는 건\n선수만 할 수 있느니라。
HELP11	0.0	5.0	縮小を選ぶことで、部屋に付いた強化を外すことができるの。	축소를 고르면 방에 단\n강화를 뗄 수 있어。
HELP11	5.0	10.0	すると、部屋が正常に動いていても、外した機能は作動しなくなるの。	그러면 방이 정상으로 움직여도\n뗀 기능은 작동하지 않아。
HELP11	10.0	16.0	これと同じことが、すべての部屋に当てはまるから、注意が必要じゃぞ!	모든 방이 다 마찬가지니\n주의해야 하느니라!
HELP12	0.0	5.0	味方の全滅を防止する方法は?	아군 전멸을 막는 방법은?	ミカタ→味方
HELP12	5.0	16.0	まずは自分のパーティーでレベルアップさせてから、他のパーティーに配属させる方法じゃ。	먼저 자기 파티에서 레벨을 올린 뒤\n다른 파티에 배속하는 방법이니라。
HELP12	16.0	25.0	あとは強化した召喚部屋で強い味方を召喚することじゃな。	그리고 강화한 소환 방에서\n강한 아군을 소환하는 것이지。
HELP13	0.0	4.0	手持ちの仙丹がないときは?	가진 선단이 없을 땐?	先端→仙丹
HELP13	4.0	8.0	練丹部屋の仙丹を引っ張るのじゃ!	연단 방의 선단을 끌어오는 게다!	電探→練丹 · 先頭→仙丹
HELP14	0.0	2.0	手持ちのエネルギーがないときは?	가진 에너지가 없을 땐?
HELP14	3.0	7.0	生産部屋のエネルギーを引っ張るのじゃ。	생산 방의 에너지를 끌어오는 게다。	⚠銭湯→エネルギー(추정)
HELP15	0.0	4.0	仙術を上手に使うと、戦闘が楽になるよ。	선술을 잘 쓰면\n전투가 편해져。	戦術→仙術
HELP15	5.0	9.0	戦闘時にウィンドウで仙術を選べば使えるぞ。	전투 때 창에서 선술을 고르면\n쓸 수 있느니라。	戦術→仙術
HELP16	0.0	4.0	いけない、このままじゃ死んじゃうわ。	큰일이야、이대로면 죽겠어。
HELP16	4.0	9.0	こんなときは、慌てず急がず、回復功じゃ。	이럴 땐 당황하지 말고\n회복공이니라。
HELP17	0.0	5.0	龍穴炉にエネルギーを振り込むと、状態は完全に回復するのよ。	용혈로에 에너지를 넣으면\n상태가 완전히 회복돼。	流血炉→龍穴炉
HELP17	5.0	9.0	振り込むエネルギーはたとえ1でも大丈夫じゃ。	넣는 에너지는\n1이라도 괜찮으니라。
HELP18	0.0	4.0	部屋の大きさは、部屋につけられる強化の数に関係するわよ。	방 크기는 방에 달 수 있는\n강화 수와 관계있어。
HELP18	5.0	9.0	最小の部屋の強化は、3個までじゃ。	가장 작은 방은\n강화를 3개까지 다느니라。
HELP18	10.0	13.0	最大の部屋には、8個も強化がつけられるの。	가장 큰 방엔\n강화를 8개나 달 수 있어。
HELP19	0.0	4.0	部屋の属性は作成する場所に関係しています。	방 속성은 만드는 자리와\n관계있어요。
HELP19	4.0	10.0	じゃが、属性はターンごとに変化するのじゃ。	하지만 속성은\n턴마다 바뀌느니라。
HELP19	10.0	15.0	これを知れば部屋配置のバリエーションが増えるじゃろうて。	이걸 알면 방 배치의 폭이\n넓어질 게다。
HELP20	0.0	7.0	掘削部屋って、アイテムを掘り出せる便利な部屋だけど、中にはいらないものも出てくるのよね。	굴삭 방은 아이템을 캐내는 편리한 방이지만\n필요 없는 것도 나와。
HELP20	7.0	15.0	別のアイテムが欲しくても、そのいらんものをなんとかしないと、新しいアイテムは掘り出せないのじゃ。	다른 아이템을 원해도 필요 없는 걸 처리하지 않으면\n새 아이템은 캐낼 수 없느니라。
HELP20	15.0	19.0	じゃあ、いらないアイテムはこの際捨てちゃいましょう。	그럼 필요 없는 아이템은\n이참에 버려 버리자。
HELP20	19.0	29.0	あと、掘削時間はアイテムによって違う。だから、掘削時間が短いものは、いらんアイテムの場合が多いな。	그리고 굴삭 시간은 아이템마다 다르니라。\n굴삭 시간이 짧은 건 필요 없는 아이템일 때가 많지。
HELP20	29.0	34.0	そんな時は、掘削中止を選んで、掘り出す前に捨ててしまいましょう。	그럴 땐 굴삭 중지를 골라\n캐내기 전에 버려 버리자。
HELP21	0.0	5.0	転送部屋は仙窟の中を自由に移動できる便利な部屋。	전송 방은 선굴 안을\n자유롭게 오가는 편리한 방。	仙屈→仙窟
HELP21	5.0	14.0	このように仙窟全体に転送部屋を張り巡らせると、効率よく移動できるのじゃ。	이렇게 선굴 곳곳에 전송 방을 깔아 두면\n효율적으로 이동할 수 있느니라。	仙屈→仙窟
HELP22	0.0	5.0	索敵部屋は周囲の飛天石出口の位置を教えてくれます。	색적 방은 주위의\n비천석 출구 위치를 알려 줘요。	策敵→索敵 · 非転積→飛天石
HELP22	5.0	13.0	さらに、索敵能力を強化すると範囲を広げることができるのじゃ。	게다가 색적 능력을 강화하면\n범위를 넓힐 수 있느니라。
HELP23	4.0	11.12	仙獣の助言がうるさい場合はここの項目を設定するといいわ。	선수의 조언이 성가시면\n여기 항목을 설정하면 돼。	戦中→仙獣
HELP24	0.0	5.0	表示ウィンドウが気になるときはここを設定するといいわ。	표시 창이 신경 쓰이면\n여기를 설정하면 돼。
HELP24	5.0	7.0	こう設定するといいわ。	이렇게 설정하면 돼。
HELP25	0.0	6.0	セーブは基本的に集計タイムでするの。こまめにしたほうがいいのよ。	저장은 기본적으로 집계 타임에 해。\n자주 해 두는 게 좋아。
HELP25	10.0	13.0	続きをやるときはここを選んでね。	이어서 할 땐 여기를 골라。
HELP25	14.0	20.0	別のシナリオを始めるときはこっちを選択してシナリオを選んでくださいね。	다른 시나리오를 시작할 땐\n이쪽을 골라 시나리오를 선택해 주세요。
HELP33	0.0	6.0	風水は、5種の気を部屋に流すことで、特殊な強化をつけるシステムです。	풍수는 다섯 가지 기를 방에 흘려\n특수한 강화를 다는 시스템이에요。	木→気
HELP33	6.0	12.0	では、特殊強化、赤糸の策レベル1をこの部屋につけてみましょう。	그럼 특수 강화 적사책 LV1을\n이 방에 달아 봐요。	石紙の柵→赤糸の策(강화 이름)
HELP33	12.0	18.0	必要な気は、火3、水1、木1じゃ。	필요한 기는\n화3、수1、목1이니라。	⚠«火、水、木1» — 뒤 설명(화의 기 합계 3)으로 추정
HELP33	18.0	23.0	木はこの部屋にもともと備わっているので、水の部屋から作ります。	목은 이 방에 원래 있으니\n수의 방부터 만들어요。
HELP33	23.0	26.0	これで水の気が流れ込んできましたね。	이걸로 수의 기가\n흘러들어 왔네요。
HELP33	26.0	30.0	火の気はあと2つ必要じゃから。	화의 기는 2개 더 필요하니까。
HELP33	30.0	34.0	火の部屋を作って、扉はつなげた側にできるから、	화의 방을 만들고、\n문은 이은 쪽에 생기니까
HELP33	34.0	42.0	通路は1本でも扉のおかげで気は倍よ。合計して火の気は3ですね。	통로는 하나여도 문 덕분에 기는 두 배야。\n합쳐서 화의 기는 3이네요。
HELP33	42.0	48.0	これで赤糸の策レベル1の完成じゃ。	이걸로 적사책 LV1 완성이니라。	石紙の柵→赤糸の策
HELP34	0.0	7.0	最初に生産部屋だけがある場合、お主ならどんな風に仙窟を作っていくかな?	처음에 생산 방만 있다면\n너라면 선굴을 어떻게 만들어 가겠느냐?	戦屈→仙窟
HELP34	7.0	11.0	とにかく、練丹部屋と召喚部屋を作りますね。	일단 연단 방과\n소환 방을 만들어요。	連タン→練丹
HELP34	11.0	13.0	次は?	다음은?
HELP34	15.0	20.0	練丹部屋が赤字にならないよう、窟子仙にエネルギーを運ばせます。	연단 방이 적자가 나지 않게\n굴자선에게 에너지를 나르게 해요。	屈指戦→窟子仙
HELP34	22.0	29.0	しばらくすると、練丹部屋に仙丹が溜まってくるので、そうしたら練丹部屋を強化します。	얼마 뒤 연단 방에 선단이 모이면\n그때 연단 방을 강화해요。	戦タン→仙丹
HELP34	29.0	35.0	練丹部屋の後はどうするんじゃ?	연단 방 다음엔 어떻게 하느냐?
HELP34	35.0	42.0	召喚部屋をもう一つ作って、今度は幼龍仙のパーティーを作ります。	소환 방을 하나 더 만들어서\n이번엔 유룡선 파티를 만들어요。	揚流船→幼龍仙
HELP34	42.0	50.0	そして、たまった仙丹を生産部屋に運び込んで、今度は生産部屋を強化していきます。	그리고 모인 선단을 생산 방에 날라서\n이번엔 생산 방을 강화해 가요。	戦艦→仙丹
HELP34	50.0	59.0	そうじゃな。コツは確実に部屋を強化してから増やしていくことじゃな。	그렇지。요령은 방을 확실히 강화한 다음\n늘려 가는 것이니라。
HELP35	0.0	3.0	これは、機能が停止している部屋ですね。	이건 기능이 멈춘 방이네요。
HELP35	3.0	10.0	そうじゃ、強化のしすぎでエネルギーの消費が生産を上回ってしまった結果じゃ。	그렇다。강화를 너무 해서 에너지 소비가\n생산을 넘어선 결과니라。
HELP35	10.0	17.0	こんな時は、強化を縮小するか、窟子仙に生産部屋からエネルギーを運ばせましょう。	이럴 땐 강화를 축소하거나\n굴자선에게 생산 방의 에너지를 나르게 해요。	屈指線→窟子仙
